Company,Dates,ESG_DISCLOSURE_SCORE,SOCIAL_SCORE,ESG_UNCERTAINTY_RANKING
A US Equity,2017,,,
A US Equity,2018,,,
A US Equity,2019,,,
A US Equity,2020,,,
A US Equity,2021,,,
A US Equity,2022,,,
AAL US Equity,2017,,,
AAL US Equity,2018,,,
AAL US Equity,2019,,,
AAL US Equity,2020,,,
AAL US Equity,2021,,,
AAL US Equity,2022,,,
AAP US Equity,2017,,,
AAP US Equity,2018,,,
AAP US Equity,2019,,,
AAP US Equity,2020,,,
AAP US Equity,2021,,,
AAP US Equity,2022,,,
AAPL US Equity,2017,,,
AAPL US Equity,2018,,,
AAPL US Equity,2019,,,
AAPL US Equity,2020,,,
AAPL US Equity,2021,,,
AAPL US Equity,2022,,,
ABBV US Equity,2017,,,
ABBV US Equity,2018,,,
ABBV US Equity,2019,,,
ABBV US Equity,2020,,,
ABBV US Equity,2021,,,
ABBV US Equity,2022,,,
ABC US Equity,2017,,,
ABC US Equity,2018,,,
ABC US Equity,2019,,,
ABC US Equity,2020,,,
ABC US Equity,2021,,,
ABC US Equity,2022,,,
ABMD US Equity,2017,,,
ABMD US Equity,2018,,,
ABMD US Equity,2019,,,
ABMD US Equity,2020,,,
ABMD US Equity,2021,,,
ABMD US Equity,2022,,,
ABNB US Equity,2017,,,
ABNB US Equity,2018,,,
ABNB US Equity,2019,,,
ABNB US Equity,2020,,,
ABNB US Equity,2021,,,
ABNB US Equity,2022,,,
ABT US Equity,2017,,,
ABT US Equity,2018,,,
ABT US Equity,2019,,,
ABT US Equity,2020,,,
ABT US Equity,2021,,,
ABT US Equity,2022,,,
ACGL US Equity,2017,,,
ACGL US Equity,2018,,,
ACGL US Equity,2019,,,
ACGL US Equity,2020,,,
ACGL US Equity,2021,,,
ACGL US Equity,2022,,,
ACN US Equity,2017,,,
ACN US Equity,2018,,,
ACN US Equity,2019,,,
ACN US Equity,2020,,,
ACN US Equity,2021,,,
ACN US Equity,2022,,,
ADBE US Equity,2017,,,
ADBE US Equity,2018,,,
ADBE US Equity,2019,,,
ADBE US Equity,2020,,,
ADBE US Equity,2021,,,
ADBE US Equity,2022,,,
ADI US Equity,2017,,,
ADI US Equity,2018,,,
ADI US Equity,2019,,,
ADI US Equity,2020,,,
ADI US Equity,2021,,,
ADI US Equity,2022,,,
ADM US Equity,2017,,,
ADM US Equity,2018,,,
ADM US Equity,2019,,,
ADM US Equity,2020,,,
ADM US Equity,2021,,,
ADM US Equity,2022,,,
ADP US Equity,2017,,,
ADP US Equity,2018,,,
ADP US Equity,2019,,,
ADP US Equity,2020,,,
ADP US Equity,2021,,,
ADP US Equity,2022,,,
ADSK US Equity,2017,,,
ADSK US Equity,2018,,,
ADSK US Equity,2019,,,
ADSK US Equity,2020,,,
ADSK US Equity,2021,,,
ADSK US Equity,2022,,,
AEE US Equity,2017,,,
AEE US Equity,2018,,,
AEE US Equity,2019,,,
AEE US Equity,2020,,,
AEE US Equity,2021,,,
AEE US Equity,2022,,,
AEP US Equity,2017,,,
AEP US Equity,2018,,,
AEP US Equity,2019,,,
AEP US Equity,2020,,,
AEP US Equity,2021,,,
AEP US Equity,2022,,,
AES US Equity,2017,,,
AES US Equity,2018,,,
AES US Equity,2019,,,
AES US Equity,2020,,,
AES US Equity,2021,,,
AES US Equity,2022,,,
AET US Equity,2017,,,
AET US Equity,2018,,,
AET US Equity,2019,,,
AET US Equity,2020,,,
AET US Equity,2021,,,
AET US Equity,2022,,,
AFL US Equity,2017,,,
AFL US Equity,2018,,,
AFL US Equity,2019,,,
AFL US Equity,2020,,,
AFL US Equity,2021,,,
AFL US Equity,2022,,,
AGN US Equity,2017,,,
AGN US Equity,2018,,,
AGN US Equity,2019,,,
AGN US Equity,2020,,,
AGN US Equity,2021,,,
AGN US Equity,2022,,,
AIG US Equity,2017,,,
AIG US Equity,2018,,,
AIG US Equity,2019,,,
AIG US Equity,2020,,,
AIG US Equity,2021,,,
AIG US Equity,2022,,,
AIV US Equity,2017,,,
AIV US Equity,2018,,,
AIV US Equity,2019,,,
AIV US Equity,2020,,,
AIV US Equity,2021,,,
AIV US Equity,2022,,,
AIZ US Equity,2017,,,
AIZ US Equity,2018,,,
AIZ US Equity,2019,,,
AIZ US Equity,2020,,,
AIZ US Equity,2021,,,
AIZ US Equity,2022,,,
AJG US Equity,2017,,,
AJG US Equity,2018,,,
AJG US Equity,2019,,,
AJG US Equity,2020,,,
AJG US Equity,2021,,,
AJG US Equity,2022,,,
AKAM US Equity,2017,,,
AKAM US Equity,2018,,,
AKAM US Equity,2019,,,
AKAM US Equity,2020,,,
AKAM US Equity,2021,,,
AKAM US Equity,2022,,,
ALB US Equity,2017,,,
ALB US Equity,2018,,,
ALB US Equity,2019,,,
ALB US Equity,2020,,,
ALB US Equity,2021,,,
ALB US Equity,2022,,,
ALGN US Equity,2017,,,
ALGN US Equity,2018,,,
ALGN US Equity,2019,,,
ALGN US Equity,2020,,,
ALGN US Equity,2021,,,
ALGN US Equity,2022,,,
ALK US Equity,2017,,,
ALK US Equity,2018,,,
ALK US Equity,2019,,,
ALK US Equity,2020,,,
ALK US Equity,2021,,,
ALK US Equity,2022,,,
ALL US Equity,2017,,,
ALL US Equity,2018,,,
ALL US Equity,2019,,,
ALL US Equity,2020,,,
ALL US Equity,2021,,,
ALL US Equity,2022,,,
ALLE US Equity,2017,,,
ALLE US Equity,2018,,,
ALLE US Equity,2019,,,
ALLE US Equity,2020,,,
ALLE US Equity,2021,,,
ALLE US Equity,2022,,,
ALXN US Equity,2017,,,
ALXN US Equity,2018,,,
ALXN US Equity,2019,,,
ALXN US Equity,2020,,,
ALXN US Equity,2021,,,
ALXN US Equity,2022,,,
AMAT US Equity,2017,,,
AMAT US Equity,2018,,,
AMAT US Equity,2019,,,
AMAT US Equity,2020,,,
AMAT US Equity,2021,,,
AMAT US Equity,2022,,,
AMCR US Equity,2017,,,
AMCR US Equity,2018,,,
AMCR US Equity,2019,,,
AMCR US Equity,2020,,,
AMCR US Equity,2021,,,
AMCR US Equity,2022,,,
AMD US Equity,2017,,,
AMD US Equity,2018,,,
AMD US Equity,2019,,,
AMD US Equity,2020,,,
AMD US Equity,2021,,,
AMD US Equity,2022,,,
AME US Equity,2017,,,
AME US Equity,2018,,,
AME US Equity,2019,,,
AME US Equity,2020,,,
AME US Equity,2021,,,
AME US Equity,2022,,,
AMG US Equity,2017,,,
AMG US Equity,2018,,,
AMG US Equity,2019,,,
AMG US Equity,2020,,,
AMG US Equity,2021,,,
AMG US Equity,2022,,,
AMGN US Equity,2017,,,
AMGN US Equity,2018,,,
AMGN US Equity,2019,,,
AMGN US Equity,2020,,,
AMGN US Equity,2021,,,
AMGN US Equity,2022,,,
AMP US Equity,2017,,,
AMP US Equity,2018,,,
AMP US Equity,2019,,,
AMP US Equity,2020,,,
AMP US Equity,2021,,,
AMP US Equity,2022,,,
AMT US Equity,2017,,,
AMT US Equity,2018,,,
AMT US Equity,2019,,,
AMT US Equity,2020,,,
AMT US Equity,2021,,,
AMT US Equity,2022,,,
AMZN US Equity,2017,,,
AMZN US Equity,2018,,,
AMZN US Equity,2019,,,
AMZN US Equity,2020,,,
AMZN US Equity,2021,,,
AMZN US Equity,2022,,,
ANDV US Equity,2017,,,
ANDV US Equity,2018,,,
ANDV US Equity,2019,,,
ANDV US Equity,2020,,,
ANDV US Equity,2021,,,
ANDV US Equity,2022,,,
ANET US Equity,2017,,,
ANET US Equity,2018,,,
ANET US Equity,2019,,,
ANET US Equity,2020,,,
ANET US Equity,2021,,,
ANET US Equity,2022,,,
ANSS US Equity,2017,,,
ANSS US Equity,2018,,,
ANSS US Equity,2019,,,
ANSS US Equity,2020,,,
ANSS US Equity,2021,,,
ANSS US Equity,2022,,,
AON US Equity,2017,,,
AON US Equity,2018,,,
AON US Equity,2019,,,
AON US Equity,2020,,,
AON US Equity,2021,,,
AON US Equity,2022,,,
AOS US Equity,2017,,,
AOS US Equity,2018,,,
AOS US Equity,2019,,,
AOS US Equity,2020,,,
AOS US Equity,2021,,,
AOS US Equity,2022,,,
APA US Equity,2017,,,
APA US Equity,2018,,,
APA US Equity,2019,,,
APA US Equity,2020,,,
APA US Equity,2021,,,
APA US Equity,2022,,,
APC US Equity,2017,,,
APC US Equity,2018,,,
APC US Equity,2019,,,
APC US Equity,2020,,,
APC US Equity,2021,,,
APC US Equity,2022,,,
APD US Equity,2017,,,
APD US Equity,2018,,,
APD US Equity,2019,,,
APD US Equity,2020,,,
APD US Equity,2021,,,
APD US Equity,2022,,,
APH US Equity,2017,,,
APH US Equity,2018,,,
APH US Equity,2019,,,
APH US Equity,2020,,,
APH US Equity,2021,,,
APH US Equity,2022,,,
APTV US Equity,2017,,,
APTV US Equity,2018,,,
APTV US Equity,2019,,,
APTV US Equity,2020,,,
APTV US Equity,2021,,,
APTV US Equity,2022,,,
ARE US Equity,2017,,,
ARE US Equity,2018,,,
ARE US Equity,2019,,,
ARE US Equity,2020,,,
ARE US Equity,2021,,,
ARE US Equity,2022,,,
ATO US Equity,2017,,,
ATO US Equity,2018,,,
ATO US Equity,2019,,,
ATO US Equity,2020,,,
ATO US Equity,2021,,,
ATO US Equity,2022,,,
ATVI US Equity,2017,,,
ATVI US Equity,2018,,,
ATVI US Equity,2019,,,
ATVI US Equity,2020,,,
ATVI US Equity,2021,,,
ATVI US Equity,2022,,,
AVB US Equity,2017,,,
AVB US Equity,2018,,,
AVB US Equity,2019,,,
AVB US Equity,2020,,,
AVB US Equity,2021,,,
AVB US Equity,2022,,,
AVGO US Equity,2017,,,
AVGO US Equity,2018,,,
AVGO US Equity,2019,,,
AVGO US Equity,2020,,,
AVGO US Equity,2021,,,
AVGO US Equity,2022,,,
AVY US Equity,2017,,,
AVY US Equity,2018,,,
AVY US Equity,2019,,,
AVY US Equity,2020,,,
AVY US Equity,2021,,,
AVY US Equity,2022,,,
AWK US Equity,2017,,,
AWK US Equity,2018,,,
AWK US Equity,2019,,,
AWK US Equity,2020,,,
AWK US Equity,2021,,,
AWK US Equity,2022,,,
AXON US Equity,2017,,,
AXON US Equity,2018,,,
AXON US Equity,2019,,,
AXON US Equity,2020,,,
AXON US Equity,2021,,,
AXON US Equity,2022,,,
AXP US Equity,2017,,,
AXP US Equity,2018,,,
AXP US Equity,2019,,,
AXP US Equity,2020,,,
AXP US Equity,2021,,,
AXP US Equity,2022,,,
AYI US Equity,2017,,,
AYI US Equity,2018,,,
AYI US Equity,2019,,,
AYI US Equity,2020,,,
AYI US Equity,2021,,,
AYI US Equity,2022,,,
AZO US Equity,2017,,,
AZO US Equity,2018,,,
AZO US Equity,2019,,,
AZO US Equity,2020,,,
AZO US Equity,2021,,,
AZO US Equity,2022,,,
BA US Equity,2017,,,
BA US Equity,2018,,,
BA US Equity,2019,,,
BA US Equity,2020,,,
BA US Equity,2021,,,
BA US Equity,2022,,,
BAC US Equity,2017,,,
BAC US Equity,2018,,,
BAC US Equity,2019,,,
BAC US Equity,2020,,,
BAC US Equity,2021,,,
BAC US Equity,2022,,,
BALL US Equity,2017,,,
BALL US Equity,2018,,,
BALL US Equity,2019,,,
BALL US Equity,2020,,,
BALL US Equity,2021,,,
BALL US Equity,2022,,,
BAX US Equity,2017,,,
BAX US Equity,2018,,,
BAX US Equity,2019,,,
BAX US Equity,2020,,,
BAX US Equity,2021,,,
BAX US Equity,2022,,,
BBWI US Equity,2017,,,
BBWI US Equity,2018,,,
BBWI US Equity,2019,,,
BBWI US Equity,2020,,,
BBWI US Equity,2021,,,
BBWI US Equity,2022,,,
BBY US Equity,2017,,,
BBY US Equity,2018,,,
BBY US Equity,2019,,,
BBY US Equity,2020,,,
BBY US Equity,2021,,,
BBY US Equity,2022,,,
BDX US Equity,2017,,,
BDX US Equity,2018,,,
BDX US Equity,2019,,,
BDX US Equity,2020,,,
BDX US Equity,2021,,,
BDX US Equity,2022,,,
BEN US Equity,2017,,,
BEN US Equity,2018,,,
BEN US Equity,2019,,,
BEN US Equity,2020,,,
BEN US Equity,2021,,,
BEN US Equity,2022,,,
BF US Equity,2017,,,
BF US Equity,2018,,,
BF US Equity,2019,,,
BF US Equity,2020,,,
BF US Equity,2021,,,
BF US Equity,2022,,,
BFH US Equity,2017,,,
BFH US Equity,2018,,,
BFH US Equity,2019,,,
BFH US Equity,2020,,,
BFH US Equity,2021,,,
BFH US Equity,2022,,,
BG US Equity,2017,,,
BG US Equity,2018,,,
BG US Equity,2019,,,
BG US Equity,2020,,,
BG US Equity,2021,,,
BG US Equity,2022,,,
BHF US Equity,2017,,,
BHF US Equity,2018,,,
BHF US Equity,2019,,,
BHF US Equity,2020,,,
BHF US Equity,2021,,,
BHF US Equity,2022,,,
BIIB US Equity,2017,,,
BIIB US Equity,2018,,,
BIIB US Equity,2019,,,
BIIB US Equity,2020,,,
BIIB US Equity,2021,,,
BIIB US Equity,2022,,,
BIO US Equity,2017,,,
BIO US Equity,2018,,,
BIO US Equity,2019,,,
BIO US Equity,2020,,,
BIO US Equity,2021,,,
BIO US Equity,2022,,,
BK US Equity,2017,,,
BK US Equity,2018,,,
BK US Equity,2019,,,
BK US Equity,2020,,,
BK US Equity,2021,,,
BK US Equity,2022,,,
BKNG US Equity,2017,,,
BKNG US Equity,2018,,,
BKNG US Equity,2019,,,
BKNG US Equity,2020,,,
BKNG US Equity,2021,,,
BKNG US Equity,2022,,,
BKR US Equity,2017,,,
BKR US Equity,2018,,,
BKR US Equity,2019,,,
BKR US Equity,2020,,,
BKR US Equity,2021,,,
BKR US Equity,2022,,,
BLK US Equity,2017,,,
BLK US Equity,2018,,,
BLK US Equity,2019,,,
BLK US Equity,2020,,,
BLK US Equity,2021,,,
BLK US Equity,2022,,,
BMY US Equity,2017,,,
BMY US Equity,2018,,,
BMY US Equity,2019,,,
BMY US Equity,2020,,,
BMY US Equity,2021,,,
BMY US Equity,2022,,,
BR US Equity,2017,,,
BR US Equity,2018,,,
BR US Equity,2019,,,
BR US Equity,2020,,,
BR US Equity,2021,,,
BR US Equity,2022,,,
BRK US Equity,2017,,,
BRK US Equity,2018,,,
BRK US Equity,2019,,,
BRK US Equity,2020,,,
BRK US Equity,2021,,,
BRK US Equity,2022,,,
BRO US Equity,2017,,,
BRO US Equity,2018,,,
BRO US Equity,2019,,,
BRO US Equity,2020,,,
BRO US Equity,2021,,,
BRO US Equity,2022,,,
BSX US Equity,2017,,,
BSX US Equity,2018,,,
BSX US Equity,2019,,,
BSX US Equity,2020,,,
BSX US Equity,2021,,,
BSX US Equity,2022,,,
BWA US Equity,2017,,,
BWA US Equity,2018,,,
BWA US Equity,2019,,,
BWA US Equity,2020,,,
BWA US Equity,2021,,,
BWA US Equity,2022,,,
BX US Equity,2017,,,
BX US Equity,2018,,,
BX US Equity,2019,,,
BX US Equity,2020,,,
BX US Equity,2021,,,
BX US Equity,2022,,,
BXP US Equity,2017,,,
BXP US Equity,2018,,,
BXP US Equity,2019,,,
BXP US Equity,2020,,,
BXP US Equity,2021,,,
BXP US Equity,2022,,,
C US Equity,2017,,,
C US Equity,2018,,,
C US Equity,2019,,,
C US Equity,2020,,,
C US Equity,2021,,,
C US Equity,2022,,,
CA US Equity,2017,,,
CA US Equity,2018,,,
CA US Equity,2019,,,
CA US Equity,2020,,,
CA US Equity,2021,,,
CA US Equity,2022,,,
CAG US Equity,2017,,,
CAG US Equity,2018,,,
CAG US Equity,2019,,,
CAG US Equity,2020,,,
CAG US Equity,2021,,,
CAG US Equity,2022,,,
CAH US Equity,2017,,,
CAH US Equity,2018,,,
CAH US Equity,2019,,,
CAH US Equity,2020,,,
CAH US Equity,2021,,,
CAH US Equity,2022,,,
CARR US Equity,2017,,,
CARR US Equity,2018,,,
CARR US Equity,2019,,,
CARR US Equity,2020,,,
CARR US Equity,2021,,,
CARR US Equity,2022,,,
CAT US Equity,2017,,,
CAT US Equity,2018,,,
CAT US Equity,2019,,,
CAT US Equity,2020,,,
CAT US Equity,2021,,,
CAT US Equity,2022,,,
CB US Equity,2017,,,
CB US Equity,2018,,,
CB US Equity,2019,,,
CB US Equity,2020,,,
CB US Equity,2021,,,
CB US Equity,2022,,,
CBOE US Equity,2017,,,
CBOE US Equity,2018,,,
CBOE US Equity,2019,,,
CBOE US Equity,2020,,,
CBOE US Equity,2021,,,
CBOE US Equity,2022,,,
CBRE US Equity,2017,,,
CBRE US Equity,2018,,,
CBRE US Equity,2019,,,
CBRE US Equity,2020,,,
CBRE US Equity,2021,,,
CBRE US Equity,2022,,,
CCI US Equity,2017,,,
CCI US Equity,2018,,,
CCI US Equity,2019,,,
CCI US Equity,2020,,,
CCI US Equity,2021,,,
CCI US Equity,2022,,,
CCL US Equity,2017,,,
CCL US Equity,2018,,,
CCL US Equity,2019,,,
CCL US Equity,2020,,,
CCL US Equity,2021,,,
CCL US Equity,2022,,,
CDAY US Equity,2017,,,
CDAY US Equity,2018,,,
CDAY US Equity,2019,,,
CDAY US Equity,2020,,,
CDAY US Equity,2021,,,
CDAY US Equity,2022,,,
CDNS US Equity,2017,,,
CDNS US Equity,2018,,,
CDNS US Equity,2019,,,
CDNS US Equity,2020,,,
CDNS US Equity,2021,,,
CDNS US Equity,2022,,,
CDW US Equity,2017,,,
CDW US Equity,2018,,,
CDW US Equity,2019,,,
CDW US Equity,2020,,,
CDW US Equity,2021,,,
CDW US Equity,2022,,,
CE US Equity,2017,,,
CE US Equity,2018,,,
CE US Equity,2019,,,
CE US Equity,2020,,,
CE US Equity,2021,,,
CE US Equity,2022,,,
CEG US Equity,2017,,,
CEG US Equity,2018,,,
CEG US Equity,2019,,,
CEG US Equity,2020,,,
CEG US Equity,2021,,,
CEG US Equity,2022,,,
CELG US Equity,2017,,,
CELG US Equity,2018,,,
CELG US Equity,2019,,,
CELG US Equity,2020,,,
CELG US Equity,2021,,,
CELG US Equity,2022,,,
CERN US Equity,2017,,,
CERN US Equity,2018,,,
CERN US Equity,2019,,,
CERN US Equity,2020,,,
CERN US Equity,2021,,,
CERN US Equity,2022,,,
CF US Equity,2017,,,
CF US Equity,2018,,,
CF US Equity,2019,,,
CF US Equity,2020,,,
CF US Equity,2021,,,
CF US Equity,2022,,,
CFG US Equity,2017,,,
CFG US Equity,2018,,,
CFG US Equity,2019,,,
CFG US Equity,2020,,,
CFG US Equity,2021,,,
CFG US Equity,2022,,,
CHD US Equity,2017,,,
CHD US Equity,2018,,,
CHD US Equity,2019,,,
CHD US Equity,2020,,,
CHD US Equity,2021,,,
CHD US Equity,2022,,,
CHRW US Equity,2017,,,
CHRW US Equity,2018,,,
CHRW US Equity,2019,,,
CHRW US Equity,2020,,,
CHRW US Equity,2021,,,
CHRW US Equity,2022,,,
CHTR US Equity,2017,,,
CHTR US Equity,2018,,,
CHTR US Equity,2019,,,
CHTR US Equity,2020,,,
CHTR US Equity,2021,,,
CHTR US Equity,2022,,,
CI US Equity,2017,,,
CI US Equity,2018,,,
CI US Equity,2019,,,
CI US Equity,2020,,,
CI US Equity,2021,,,
CI US Equity,2022,,,
CINF US Equity,2017,,,
CINF US Equity,2018,,,
CINF US Equity,2019,,,
CINF US Equity,2020,,,
CINF US Equity,2021,,,
CINF US Equity,2022,,,
CL US Equity,2017,,,
CL US Equity,2018,,,
CL US Equity,2019,,,
CL US Equity,2020,,,
CL US Equity,2021,,,
CL US Equity,2022,,,
CLX US Equity,2017,,,
CLX US Equity,2018,,,
CLX US Equity,2019,,,
CLX US Equity,2020,,,
CLX US Equity,2021,,,
CLX US Equity,2022,,,
CMA US Equity,2017,,,
CMA US Equity,2018,,,
CMA US Equity,2019,,,
CMA US Equity,2020,,,
CMA US Equity,2021,,,
CMA US Equity,2022,,,
CMCSA US Equity,2017,,,
CMCSA US Equity,2018,,,
CMCSA US Equity,2019,,,
CMCSA US Equity,2020,,,
CMCSA US Equity,2021,,,
CMCSA US Equity,2022,,,
CME US Equity,2017,,,
CME US Equity,2018,,,
CME US Equity,2019,,,
CME US Equity,2020,,,
CME US Equity,2021,,,
CME US Equity,2022,,,
CMG US Equity,2017,,,
CMG US Equity,2018,,,
CMG US Equity,2019,,,
CMG US Equity,2020,,,
CMG US Equity,2021,,,
CMG US Equity,2022,,,
CMI US Equity,2017,,,
CMI US Equity,2018,,,
CMI US Equity,2019,,,
CMI US Equity,2020,,,
CMI US Equity,2021,,,
CMI US Equity,2022,,,
CMS US Equity,2017,,,
CMS US Equity,2018,,,
CMS US Equity,2019,,,
CMS US Equity,2020,,,
CMS US Equity,2021,,,
CMS US Equity,2022,,,
CNC US Equity,2017,,,
CNC US Equity,2018,,,
CNC US Equity,2019,,,
CNC US Equity,2020,,,
CNC US Equity,2021,,,
CNC US Equity,2022,,,
CNP US Equity,2017,,,
CNP US Equity,2018,,,
CNP US Equity,2019,,,
CNP US Equity,2020,,,
CNP US Equity,2021,,,
CNP US Equity,2022,,,
COF US Equity,2017,,,
COF US Equity,2018,,,
COF US Equity,2019,,,
COF US Equity,2020,,,
COF US Equity,2021,,,
COF US Equity,2022,,,
COL US Equity,2017,,,
COL US Equity,2018,,,
COL US Equity,2019,,,
COL US Equity,2020,,,
COL US Equity,2021,,,
COL US Equity,2022,,,
COO US Equity,2017,,,
COO US Equity,2018,,,
COO US Equity,2019,,,
COO US Equity,2020,,,
COO US Equity,2021,,,
COO US Equity,2022,,,
COP US Equity,2017,,,
COP US Equity,2018,,,
COP US Equity,2019,,,
COP US Equity,2020,,,
COP US Equity,2021,,,
COP US Equity,2022,,,
COR US Equity,2017,,,
COR US Equity,2018,,,
COR US Equity,2019,,,
COR US Equity,2020,,,
COR US Equity,2021,,,
COR US Equity,2022,,,
COST US Equity,2017,,,
COST US Equity,2018,,,
COST US Equity,2019,,,
COST US Equity,2020,,,
COST US Equity,2021,,,
COST US Equity,2022,,,
COTY US Equity,2017,,,
COTY US Equity,2018,,,
COTY US Equity,2019,,,
COTY US Equity,2020,,,
COTY US Equity,2021,,,
COTY US Equity,2022,,,
CPB US Equity,2017,,,
CPB US Equity,2018,,,
CPB US Equity,2019,,,
CPB US Equity,2020,,,
CPB US Equity,2021,,,
CPB US Equity,2022,,,
CPRI US Equity,2017,,,
CPRI US Equity,2018,,,
CPRI US Equity,2019,,,
CPRI US Equity,2020,,,
CPRI US Equity,2021,,,
CPRI US Equity,2022,,,
CPRT US Equity,2017,,,
CPRT US Equity,2018,,,
CPRT US Equity,2019,,,
CPRT US Equity,2020,,,
CPRT US Equity,2021,,,
CPRT US Equity,2022,,,
CPT US Equity,2017,,,
CPT US Equity,2018,,,
CPT US Equity,2019,,,
CPT US Equity,2020,,,
CPT US Equity,2021,,,
CPT US Equity,2022,,,
CRL US Equity,2017,,,
CRL US Equity,2018,,,
CRL US Equity,2019,,,
CRL US Equity,2020,,,
CRL US Equity,2021,,,
CRL US Equity,2022,,,
CRM US Equity,2017,,,
CRM US Equity,2018,,,
CRM US Equity,2019,,,
CRM US Equity,2020,,,
CRM US Equity,2021,,,
CRM US Equity,2022,,,
CSCO US Equity,2017,,,
CSCO US Equity,2018,,,
CSCO US Equity,2019,,,
CSCO US Equity,2020,,,
CSCO US Equity,2021,,,
CSCO US Equity,2022,,,
CSGP US Equity,2017,,,
CSGP US Equity,2018,,,
CSGP US Equity,2019,,,
CSGP US Equity,2020,,,
CSGP US Equity,2021,,,
CSGP US Equity,2022,,,
CSRA US Equity,2017,,,
CSRA US Equity,2018,,,
CSRA US Equity,2019,,,
CSRA US Equity,2020,,,
CSRA US Equity,2021,,,
CSRA US Equity,2022,,,
CSX US Equity,2017,,,
CSX US Equity,2018,,,
CSX US Equity,2019,,,
CSX US Equity,2020,,,
CSX US Equity,2021,,,
CSX US Equity,2022,,,
CTAS US Equity,2017,,,
CTAS US Equity,2018,,,
CTAS US Equity,2019,,,
CTAS US Equity,2020,,,
CTAS US Equity,2021,,,
CTAS US Equity,2022,,,
CTLT US Equity,2017,,,
CTLT US Equity,2018,,,
CTLT US Equity,2019,,,
CTLT US Equity,2020,,,
CTLT US Equity,2021,,,
CTLT US Equity,2022,,,
CTRA US Equity,2017,,,
CTRA US Equity,2018,,,
CTRA US Equity,2019,,,
CTRA US Equity,2020,,,
CTRA US Equity,2021,,,
CTRA US Equity,2022,,,
CTSH US Equity,2017,,,
CTSH US Equity,2018,,,
CTSH US Equity,2019,,,
CTSH US Equity,2020,,,
CTSH US Equity,2021,,,
CTSH US Equity,2022,,,
CTVA US Equity,2017,,,
CTVA US Equity,2018,,,
CTVA US Equity,2019,,,
CTVA US Equity,2020,,,
CTVA US Equity,2021,,,
CTVA US Equity,2022,,,
CTXS US Equity,2017,,,
CTXS US Equity,2018,,,
CTXS US Equity,2019,,,
CTXS US Equity,2020,,,
CTXS US Equity,2021,,,
CTXS US Equity,2022,,,
CVS US Equity,2017,,,
CVS US Equity,2018,,,
CVS US Equity,2019,,,
CVS US Equity,2020,,,
CVS US Equity,2021,,,
CVS US Equity,2022,,,
CVX US Equity,2017,,,
CVX US Equity,2018,,,
CVX US Equity,2019,,,
CVX US Equity,2020,,,
CVX US Equity,2021,,,
CVX US Equity,2022,,,
CX US Equity,2017,,,
CX US Equity,2018,,,
CX US Equity,2019,,,
CX US Equity,2020,,,
CX US Equity,2021,,,
CX US Equity,2022,,,
CXO US Equity,2017,,,
CXO US Equity,2018,,,
CXO US Equity,2019,,,
CXO US Equity,2020,,,
CXO US Equity,2021,,,
CXO US Equity,2022,,,
CZR US Equity,2017,,,
CZR US Equity,2018,,,
CZR US Equity,2019,,,
CZR US Equity,2020,,,
CZR US Equity,2021,,,
CZR US Equity,2022,,,
D US Equity,2017,,,
D US Equity,2018,,,
D US Equity,2019,,,
D US Equity,2020,,,
D US Equity,2021,,,
D US Equity,2022,,,
DAL US Equity,2017,,,
DAL US Equity,2018,,,
DAL US Equity,2019,,,
DAL US Equity,2020,,,
DAL US Equity,2021,,,
DAL US Equity,2022,,,
DD US Equity,2017,,,
DD US Equity,2018,,,
DD US Equity,2019,,,
DD US Equity,2020,,,
DD US Equity,2021,,,
DD US Equity,2022,,,
DE US Equity,2017,,,
DE US Equity,2018,,,
DE US Equity,2019,,,
DE US Equity,2020,,,
DE US Equity,2021,,,
DE US Equity,2022,,,
DFS US Equity,2017,,,
DFS US Equity,2018,,,
DFS US Equity,2019,,,
DFS US Equity,2020,,,
DFS US Equity,2021,,,
DFS US Equity,2022,,,
DG US Equity,2017,,,
DG US Equity,2018,,,
DG US Equity,2019,,,
DG US Equity,2020,,,
DG US Equity,2021,,,
DG US Equity,2022,,,
DGX US Equity,2017,,,
DGX US Equity,2018,,,
DGX US Equity,2019,,,
DGX US Equity,2020,,,
DGX US Equity,2021,,,
DGX US Equity,2022,,,
DHI US Equity,2017,,,
DHI US Equity,2018,,,
DHI US Equity,2019,,,
DHI US Equity,2020,,,
DHI US Equity,2021,,,
DHI US Equity,2022,,,
DHR US Equity,2017,,,
DHR US Equity,2018,,,
DHR US Equity,2019,,,
DHR US Equity,2020,,,
DHR US Equity,2021,,,
DHR US Equity,2022,,,
DINO US Equity,2017,,,
DINO US Equity,2018,,,
DINO US Equity,2019,,,
DINO US Equity,2020,,,
DINO US Equity,2021,,,
DINO US Equity,2022,,,
DIS US Equity,2017,,,
DIS US Equity,2018,,,
DIS US Equity,2019,,,
DIS US Equity,2020,,,
DIS US Equity,2021,,,
DIS US Equity,2022,,,
DISCK US Equity,2017,,,
DISCK US Equity,2018,,,
DISCK US Equity,2019,,,
DISCK US Equity,2020,,,
DISCK US Equity,2021,,,
DISCK US Equity,2022,,,
DISH US Equity,2017,,,
DISH US Equity,2018,,,
DISH US Equity,2019,,,
DISH US Equity,2020,,,
DISH US Equity,2021,,,
DISH US Equity,2022,,,
DLR US Equity,2017,,,
DLR US Equity,2018,,,
DLR US Equity,2019,,,
DLR US Equity,2020,,,
DLR US Equity,2021,,,
DLR US Equity,2022,,,
DLTR US Equity,2017,,,
DLTR US Equity,2018,,,
DLTR US Equity,2019,,,
DLTR US Equity,2020,,,
DLTR US Equity,2021,,,
DLTR US Equity,2022,,,
DOV US Equity,2017,,,
DOV US Equity,2018,,,
DOV US Equity,2019,,,
DOV US Equity,2020,,,
DOV US Equity,2021,,,
DOV US Equity,2022,,,
DOW US Equity,2017,,,
DOW US Equity,2018,,,
DOW US Equity,2019,,,
DOW US Equity,2020,,,
DOW US Equity,2021,,,
DOW US Equity,2022,,,
DPZ US Equity,2017,,,
DPZ US Equity,2018,,,
DPZ US Equity,2019,,,
DPZ US Equity,2020,,,
DPZ US Equity,2021,,,
DPZ US Equity,2022,,,
DRE US Equity,2017,,,
DRE US Equity,2018,,,
DRE US Equity,2019,,,
DRE US Equity,2020,,,
DRE US Equity,2021,,,
DRE US Equity,2022,,,
DRI US Equity,2017,,,
DRI US Equity,2018,,,
DRI US Equity,2019,,,
DRI US Equity,2020,,,
DRI US Equity,2021,,,
DRI US Equity,2022,,,
DTE US Equity,2017,,,
DTE US Equity,2018,,,
DTE US Equity,2019,,,
DTE US Equity,2020,,,
DTE US Equity,2021,,,
DTE US Equity,2022,,,
DTM US Equity,2017,,,
DTM US Equity,2018,,,
DTM US Equity,2019,,,
DTM US Equity,2020,,,
DTM US Equity,2021,,,
DTM US Equity,2022,,,
DUK US Equity,2017,,,
DUK US Equity,2018,,,
DUK US Equity,2019,,,
DUK US Equity,2020,,,
DUK US Equity,2021,,,
DUK US Equity,2022,,,
DVA US Equity,2017,,,
DVA US Equity,2018,,,
DVA US Equity,2019,,,
DVA US Equity,2020,,,
DVA US Equity,2021,,,
DVA US Equity,2022,,,
DVN US Equity,2017,,,
DVN US Equity,2018,,,
DVN US Equity,2019,,,
DVN US Equity,2020,,,
DVN US Equity,2021,,,
DVN US Equity,2022,,,
DXC US Equity,2017,,,
DXC US Equity,2018,,,
DXC US Equity,2019,,,
DXC US Equity,2020,,,
DXC US Equity,2021,,,
DXC US Equity,2022,,,
DXCM US Equity,2017,,,
DXCM US Equity,2018,,,
DXCM US Equity,2019,,,
DXCM US Equity,2020,,,
DXCM US Equity,2021,,,
DXCM US Equity,2022,,,
EA US Equity,2017,,,
EA US Equity,2018,,,
EA US Equity,2019,,,
EA US Equity,2020,,,
EA US Equity,2021,,,
EA US Equity,2022,,,
EBAY US Equity,2017,,,
EBAY US Equity,2018,,,
EBAY US Equity,2019,,,
EBAY US Equity,2020,,,
EBAY US Equity,2021,,,
EBAY US Equity,2022,,,
ECL US Equity,2017,,,
ECL US Equity,2018,,,
ECL US Equity,2019,,,
ECL US Equity,2020,,,
ECL US Equity,2021,,,
ECL US Equity,2022,,,
ED US Equity,2017,,,
ED US Equity,2018,,,
ED US Equity,2019,,,
ED US Equity,2020,,,
ED US Equity,2021,,,
ED US Equity,2022,,,
EFX US Equity,2017,,,
EFX US Equity,2018,,,
EFX US Equity,2019,,,
EFX US Equity,2020,,,
EFX US Equity,2021,,,
EFX US Equity,2022,,,
EIX US Equity,2017,,,
EIX US Equity,2018,,,
EIX US Equity,2019,,,
EIX US Equity,2020,,,
EIX US Equity,2021,,,
EIX US Equity,2022,,,
EL US Equity,2017,,,
EL US Equity,2018,,,
EL US Equity,2019,,,
EL US Equity,2020,,,
EL US Equity,2021,,,
EL US Equity,2022,,,
ELV US Equity,2017,,,
ELV US Equity,2018,,,
ELV US Equity,2019,,,
ELV US Equity,2020,,,
ELV US Equity,2021,,,
ELV US Equity,2022,,,
EMBC US Equity,2017,,,
EMBC US Equity,2018,,,
EMBC US Equity,2019,,,
EMBC US Equity,2020,,,
EMBC US Equity,2021,,,
EMBC US Equity,2022,,,
EMN US Equity,2017,,,
EMN US Equity,2018,,,
EMN US Equity,2019,,,
EMN US Equity,2020,,,
EMN US Equity,2021,,,
EMN US Equity,2022,,,
EMR US Equity,2017,,,
EMR US Equity,2018,,,
EMR US Equity,2019,,,
EMR US Equity,2020,,,
EMR US Equity,2021,,,
EMR US Equity,2022,,,
ENPH US Equity,2017,,,
ENPH US Equity,2018,,,
ENPH US Equity,2019,,,
ENPH US Equity,2020,,,
ENPH US Equity,2021,,,
ENPH US Equity,2022,,,
EOG US Equity,2017,,,
EOG US Equity,2018,,,
EOG US Equity,2019,,,
EOG US Equity,2020,,,
EOG US Equity,2021,,,
EOG US Equity,2022,,,
EPAM US Equity,2017,,,
EPAM US Equity,2018,,,
EPAM US Equity,2019,,,
EPAM US Equity,2020,,,
EPAM US Equity,2021,,,
EPAM US Equity,2022,,,
EQIX US Equity,2017,,,
EQIX US Equity,2018,,,
EQIX US Equity,2019,,,
EQIX US Equity,2020,,,
EQIX US Equity,2021,,,
EQIX US Equity,2022,,,
EQR US Equity,2017,,,
EQR US Equity,2018,,,
EQR US Equity,2019,,,
EQR US Equity,2020,,,
EQR US Equity,2021,,,
EQR US Equity,2022,,,
EQT US Equity,2017,,,
EQT US Equity,2018,,,
EQT US Equity,2019,,,
EQT US Equity,2020,,,
EQT US Equity,2021,,,
EQT US Equity,2022,,,
ES US Equity,2017,,,
ES US Equity,2018,,,
ES US Equity,2019,,,
ES US Equity,2020,,,
ES US Equity,2021,,,
ES US Equity,2022,,,
ESRX US Equity,2017,,,
ESRX US Equity,2018,,,
ESRX US Equity,2019,,,
ESRX US Equity,2020,,,
ESRX US Equity,2021,,,
ESRX US Equity,2022,,,
ESS US Equity,2017,,,
ESS US Equity,2018,,,
ESS US Equity,2019,,,
ESS US Equity,2020,,,
ESS US Equity,2021,,,
ESS US Equity,2022,,,
ETFC US Equity,2017,,,
ETFC US Equity,2018,,,
ETFC US Equity,2019,,,
ETFC US Equity,2020,,,
ETFC US Equity,2021,,,
ETFC US Equity,2022,,,
ETN US Equity,2017,,,
ETN US Equity,2018,,,
ETN US Equity,2019,,,
ETN US Equity,2020,,,
ETN US Equity,2021,,,
ETN US Equity,2022,,,
ETR US Equity,2017,,,
ETR US Equity,2018,,,
ETR US Equity,2019,,,
ETR US Equity,2020,,,
ETR US Equity,2021,,,
ETR US Equity,2022,,,
ETSY US Equity,2017,,,
ETSY US Equity,2018,,,
ETSY US Equity,2019,,,
ETSY US Equity,2020,,,
ETSY US Equity,2021,,,
ETSY US Equity,2022,,,
EVHC US Equity,2017,,,
EVHC US Equity,2018,,,
EVHC US Equity,2019,,,
EVHC US Equity,2020,,,
EVHC US Equity,2021,,,
EVHC US Equity,2022,,,
EVRG US Equity,2017,,,
EVRG US Equity,2018,,,
EVRG US Equity,2019,,,
EVRG US Equity,2020,,,
EVRG US Equity,2021,,,
EVRG US Equity,2022,,,
EW US Equity,2017,,,
EW US Equity,2018,,,
EW US Equity,2019,,,
EW US Equity,2020,,,
EW US Equity,2021,,,
EW US Equity,2022,,,
EXC US Equity,2017,,,
EXC US Equity,2018,,,
EXC US Equity,2019,,,
EXC US Equity,2020,,,
EXC US Equity,2021,,,
EXC US Equity,2022,,,
EXPD US Equity,2017,,,
EXPD US Equity,2018,,,
EXPD US Equity,2019,,,
EXPD US Equity,2020,,,
EXPD US Equity,2021,,,
EXPD US Equity,2022,,,
EXPE US Equity,2017,,,
EXPE US Equity,2018,,,
EXPE US Equity,2019,,,
EXPE US Equity,2020,,,
EXPE US Equity,2021,,,
EXPE US Equity,2022,,,
EXR US Equity,2017,,,
EXR US Equity,2018,,,
EXR US Equity,2019,,,
EXR US Equity,2020,,,
EXR US Equity,2021,,,
EXR US Equity,2022,,,
F US Equity,2017,,,
F US Equity,2018,,,
F US Equity,2019,,,
F US Equity,2020,,,
F US Equity,2021,,,
F US Equity,2022,,,
FANG US Equity,2017,,,
FANG US Equity,2018,,,
FANG US Equity,2019,,,
FANG US Equity,2020,,,
FANG US Equity,2021,,,
FANG US Equity,2022,,,
FAST US Equity,2017,,,
FAST US Equity,2018,,,
FAST US Equity,2019,,,
FAST US Equity,2020,,,
FAST US Equity,2021,,,
FAST US Equity,2022,,,
FBIN US Equity,2017,,,
FBIN US Equity,2018,,,
FBIN US Equity,2019,,,
FBIN US Equity,2020,,,
FBIN US Equity,2021,,,
FBIN US Equity,2022,,,
FCX US Equity,2017,,,
FCX US Equity,2018,,,
FCX US Equity,2019,,,
FCX US Equity,2020,,,
FCX US Equity,2021,,,
FCX US Equity,2022,,,
FDS US Equity,2017,,,
FDS US Equity,2018,,,
FDS US Equity,2019,,,
FDS US Equity,2020,,,
FDS US Equity,2021,,,
FDS US Equity,2022,,,
FDX US Equity,2017,,,
FDX US Equity,2018,,,
FDX US Equity,2019,,,
FDX US Equity,2020,,,
FDX US Equity,2021,,,
FDX US Equity,2022,,,
FE US Equity,2017,,,
FE US Equity,2018,,,
FE US Equity,2019,,,
FE US Equity,2020,,,
FE US Equity,2021,,,
FE US Equity,2022,,,
FFIV US Equity,2017,,,
FFIV US Equity,2018,,,
FFIV US Equity,2019,,,
FFIV US Equity,2020,,,
FFIV US Equity,2021,,,
FFIV US Equity,2022,,,
FI US Equity,2017,,,
FI US Equity,2018,,,
FI US Equity,2019,,,
FI US Equity,2020,,,
FI US Equity,2021,,,
FI US Equity,2022,,,
FICO US Equity,2017,,,
FICO US Equity,2018,,,
FICO US Equity,2019,,,
FICO US Equity,2020,,,
FICO US Equity,2021,,,
FICO US Equity,2022,,,
FIS US Equity,2017,,,
FIS US Equity,2018,,,
FIS US Equity,2019,,,
FIS US Equity,2020,,,
FIS US Equity,2021,,,
FIS US Equity,2022,,,
FISV US Equity,2017,,,
FISV US Equity,2018,,,
FISV US Equity,2019,,,
FISV US Equity,2020,,,
FISV US Equity,2021,,,
FISV US Equity,2022,,,
FITB US Equity,2017,,,
FITB US Equity,2018,,,
FITB US Equity,2019,,,
FITB US Equity,2020,,,
FITB US Equity,2021,,,
FITB US Equity,2022,,,
FL US Equity,2017,,,
FL US Equity,2018,,,
FL US Equity,2019,,,
FL US Equity,2020,,,
FL US Equity,2021,,,
FL US Equity,2022,,,
FLIR US Equity,2017,,,
FLIR US Equity,2018,,,
FLIR US Equity,2019,,,
FLIR US Equity,2020,,,
FLIR US Equity,2021,,,
FLIR US Equity,2022,,,
FLR US Equity,2017,,,
FLR US Equity,2018,,,
FLR US Equity,2019,,,
FLR US Equity,2020,,,
FLR US Equity,2021,,,
FLR US Equity,2022,,,
FLS US Equity,2017,,,
FLS US Equity,2018,,,
FLS US Equity,2019,,,
FLS US Equity,2020,,,
FLS US Equity,2021,,,
FLS US Equity,2022,,,
FLT US Equity,2017,,,
FLT US Equity,2018,,,
FLT US Equity,2019,,,
FLT US Equity,2020,,,
FLT US Equity,2021,,,
FLT US Equity,2022,,,
FMC US Equity,2017,,,
FMC US Equity,2018,,,
FMC US Equity,2019,,,
FMC US Equity,2020,,,
FMC US Equity,2021,,,
FMC US Equity,2022,,,
FOX US Equity,2017,,,
FOX US Equity,2018,,,
FOX US Equity,2019,,,
FOX US Equity,2020,,,
FOX US Equity,2021,,,
FOX US Equity,2022,,,
FOXA US Equity,2017,,,
FOXA US Equity,2018,,,
FOXA US Equity,2019,,,
FOXA US Equity,2020,,,
FOXA US Equity,2021,,,
FOXA US Equity,2022,,,
FRC US Equity,2017,,,
FRC US Equity,2018,,,
FRC US Equity,2019,,,
FRC US Equity,2020,,,
FRC US Equity,2021,,,
FRC US Equity,2022,,,
FRT US Equity,2017,,,
FRT US Equity,2018,,,
FRT US Equity,2019,,,
FRT US Equity,2020,,,
FRT US Equity,2021,,,
FRT US Equity,2022,,,
FSLR US Equity,2017,,,
FSLR US Equity,2018,,,
FSLR US Equity,2019,,,
FSLR US Equity,2020,,,
FSLR US Equity,2021,,,
FSLR US Equity,2022,,,
FTI US Equity,2017,,,
FTI US Equity,2018,,,
FTI US Equity,2019,,,
FTI US Equity,2020,,,
FTI US Equity,2021,,,
FTI US Equity,2022,,,
FTNT US Equity,2017,,,
FTNT US Equity,2018,,,
FTNT US Equity,2019,,,
FTNT US Equity,2020,,,
FTNT US Equity,2021,,,
FTNT US Equity,2022,,,
FTV US Equity,2017,,,
FTV US Equity,2018,,,
FTV US Equity,2019,,,
FTV US Equity,2020,,,
FTV US Equity,2021,,,
FTV US Equity,2022,,,
GD US Equity,2017,,,
GD US Equity,2018,,,
GD US Equity,2019,,,
GD US Equity,2020,,,
GD US Equity,2021,,,
GD US Equity,2022,,,
GE US Equity,2017,,,
GE US Equity,2018,,,
GE US Equity,2019,,,
GE US Equity,2020,,,
GE US Equity,2021,,,
GE US Equity,2022,,,
GEHC US Equity,2017,,,
GEHC US Equity,2018,,,
GEHC US Equity,2019,,,
GEHC US Equity,2020,,,
GEHC US Equity,2021,,,
GEHC US Equity,2022,,,
GEN US Equity,2017,,,
GEN US Equity,2018,,,
GEN US Equity,2019,,,
GEN US Equity,2020,,,
GEN US Equity,2021,,,
GEN US Equity,2022,,,
GGP US Equity,2017,,,
GGP US Equity,2018,,,
GGP US Equity,2019,,,
GGP US Equity,2020,,,
GGP US Equity,2021,,,
GGP US Equity,2022,,,
GILD US Equity,2017,,,
GILD US Equity,2018,,,
GILD US Equity,2019,,,
GILD US Equity,2020,,,
GILD US Equity,2021,,,
GILD US Equity,2022,,,
GIS US Equity,2017,,,
GIS US Equity,2018,,,
GIS US Equity,2019,,,
GIS US Equity,2020,,,
GIS US Equity,2021,,,
GIS US Equity,2022,,,
GL US Equity,2017,,,
GL US Equity,2018,,,
GL US Equity,2019,,,
GL US Equity,2020,,,
GL US Equity,2021,,,
GL US Equity,2022,,,
GLW US Equity,2017,,,
GLW US Equity,2018,,,
GLW US Equity,2019,,,
GLW US Equity,2020,,,
GLW US Equity,2021,,,
GLW US Equity,2022,,,
GM US Equity,2017,,,
GM US Equity,2018,,,
GM US Equity,2019,,,
GM US Equity,2020,,,
GM US Equity,2021,,,
GM US Equity,2022,,,
GNRC US Equity,2017,,,
GNRC US Equity,2018,,,
GNRC US Equity,2019,,,
GNRC US Equity,2020,,,
GNRC US Equity,2021,,,
GNRC US Equity,2022,,,
GOOG US Equity,2017,,,
GOOG US Equity,2018,,,
GOOG US Equity,2019,,,
GOOG US Equity,2020,,,
GOOG US Equity,2021,,,
GOOG US Equity,2022,,,
GOOGL US Equity,2017,,,
GOOGL US Equity,2018,,,
GOOGL US Equity,2019,,,
GOOGL US Equity,2020,,,
GOOGL US Equity,2021,,,
GOOGL US Equity,2022,,,
GPC US Equity,2017,,,
GPC US Equity,2018,,,
GPC US Equity,2019,,,
GPC US Equity,2020,,,
GPC US Equity,2021,,,
GPC US Equity,2022,,,
GPN US Equity,2017,,,
GPN US Equity,2018,,,
GPN US Equity,2019,,,
GPN US Equity,2020,,,
GPN US Equity,2021,,,
GPN US Equity,2022,,,
GPS US Equity,2017,,,
GPS US Equity,2018,,,
GPS US Equity,2019,,,
GPS US Equity,2020,,,
GPS US Equity,2021,,,
GPS US Equity,2022,,,
GRMN US Equity,2017,,,
GRMN US Equity,2018,,,
GRMN US Equity,2019,,,
GRMN US Equity,2020,,,
GRMN US Equity,2021,,,
GRMN US Equity,2022,,,
GS US Equity,2017,,,
GS US Equity,2018,,,
GS US Equity,2019,,,
GS US Equity,2020,,,
GS US Equity,2021,,,
GS US Equity,2022,,,
GT US Equity,2017,,,
GT US Equity,2018,,,
GT US Equity,2019,,,
GT US Equity,2020,,,
GT US Equity,2021,,,
GT US Equity,2022,,,
GTX US Equity,2017,,,
GTX US Equity,2018,,,
GTX US Equity,2019,,,
GTX US Equity,2020,,,
GTX US Equity,2021,,,
GTX US Equity,2022,,,
GWW US Equity,2017,,,
GWW US Equity,2018,,,
GWW US Equity,2019,,,
GWW US Equity,2020,,,
GWW US Equity,2021,,,
GWW US Equity,2022,,,
HAL US Equity,2017,,,
HAL US Equity,2018,,,
HAL US Equity,2019,,,
HAL US Equity,2020,,,
HAL US Equity,2021,,,
HAL US Equity,2022,,,
HAS US Equity,2017,,,
HAS US Equity,2018,,,
HAS US Equity,2019,,,
HAS US Equity,2020,,,
HAS US Equity,2021,,,
HAS US Equity,2022,,,
HBAN US Equity,2017,,,
HBAN US Equity,2018,,,
HBAN US Equity,2019,,,
HBAN US Equity,2020,,,
HBAN US Equity,2021,,,
HBAN US Equity,2022,,,
HBI US Equity,2017,,,
HBI US Equity,2018,,,
HBI US Equity,2019,,,
HBI US Equity,2020,,,
HBI US Equity,2021,,,
HBI US Equity,2022,,,
HCA US Equity,2017,,,
HCA US Equity,2018,,,
HCA US Equity,2019,,,
HCA US Equity,2020,,,
HCA US Equity,2021,,,
HCA US Equity,2022,,,
HD US Equity,2017,,,
HD US Equity,2018,,,
HD US Equity,2019,,,
HD US Equity,2020,,,
HD US Equity,2021,,,
HD US Equity,2022,,,
HES US Equity,2017,,,
HES US Equity,2018,,,
HES US Equity,2019,,,
HES US Equity,2020,,,
HES US Equity,2021,,,
HES US Equity,2022,,,
HIG US Equity,2017,,,
HIG US Equity,2018,,,
HIG US Equity,2019,,,
HIG US Equity,2020,,,
HIG US Equity,2021,,,
HIG US Equity,2022,,,
HII US Equity,2017,,,
HII US Equity,2018,,,
HII US Equity,2019,,,
HII US Equity,2020,,,
HII US Equity,2021,,,
HII US Equity,2022,,,
HLT US Equity,2017,,,
HLT US Equity,2018,,,
HLT US Equity,2019,,,
HLT US Equity,2020,,,
HLT US Equity,2021,,,
HLT US Equity,2022,,,
HOG US Equity,2017,,,
HOG US Equity,2018,,,
HOG US Equity,2019,,,
HOG US Equity,2020,,,
HOG US Equity,2021,,,
HOG US Equity,2022,,,
HOLX US Equity,2017,,,
HOLX US Equity,2018,,,
HOLX US Equity,2019,,,
HOLX US Equity,2020,,,
HOLX US Equity,2021,,,
HOLX US Equity,2022,,,
HON US Equity,2017,,,
HON US Equity,2018,,,
HON US Equity,2019,,,
HON US Equity,2020,,,
HON US Equity,2021,,,
HON US Equity,2022,,,
HP US Equity,2017,,,
HP US Equity,2018,,,
HP US Equity,2019,,,
HP US Equity,2020,,,
HP US Equity,2021,,,
HP US Equity,2022,,,
HPE US Equity,2017,,,
HPE US Equity,2018,,,
HPE US Equity,2019,,,
HPE US Equity,2020,,,
HPE US Equity,2021,,,
HPE US Equity,2022,,,
HPQ US Equity,2017,,,
HPQ US Equity,2018,,,
HPQ US Equity,2019,,,
HPQ US Equity,2020,,,
HPQ US Equity,2021,,,
HPQ US Equity,2022,,,
HRB US Equity,2017,,,
HRB US Equity,2018,,,
HRB US Equity,2019,,,
HRB US Equity,2020,,,
HRB US Equity,2021,,,
HRB US Equity,2022,,,
HRL US Equity,2017,,,
HRL US Equity,2018,,,
HRL US Equity,2019,,,
HRL US Equity,2020,,,
HRL US Equity,2021,,,
HRL US Equity,2022,,,
HSIC US Equity,2017,,,
HSIC US Equity,2018,,,
HSIC US Equity,2019,,,
HSIC US Equity,2020,,,
HSIC US Equity,2021,,,
HSIC US Equity,2022,,,
HST US Equity,2017,,,
HST US Equity,2018,,,
HST US Equity,2019,,,
HST US Equity,2020,,,
HST US Equity,2021,,,
HST US Equity,2022,,,
HSY US Equity,2017,,,
HSY US Equity,2018,,,
HSY US Equity,2019,,,
HSY US Equity,2020,,,
HSY US Equity,2021,,,
HSY US Equity,2022,,,
HUBB US Equity,2017,,,
HUBB US Equity,2018,,,
HUBB US Equity,2019,,,
HUBB US Equity,2020,,,
HUBB US Equity,2021,,,
HUBB US Equity,2022,,,
HUM US Equity,2017,,,
HUM US Equity,2018,,,
HUM US Equity,2019,,,
HUM US Equity,2020,,,
HUM US Equity,2021,,,
HUM US Equity,2022,,,
HWM US Equity,2017,,,
HWM US Equity,2018,,,
HWM US Equity,2019,,,
HWM US Equity,2020,,,
HWM US Equity,2021,,,
HWM US Equity,2022,,,
IBM US Equity,2017,,,
IBM US Equity,2018,,,
IBM US Equity,2019,,,
IBM US Equity,2020,,,
IBM US Equity,2021,,,
IBM US Equity,2022,,,
ICE US Equity,2017,,,
ICE US Equity,2018,,,
ICE US Equity,2019,,,
ICE US Equity,2020,,,
ICE US Equity,2021,,,
ICE US Equity,2022,,,
IDXX US Equity,2017,,,
IDXX US Equity,2018,,,
IDXX US Equity,2019,,,
IDXX US Equity,2020,,,
IDXX US Equity,2021,,,
IDXX US Equity,2022,,,
IEX US Equity,2017,,,
IEX US Equity,2018,,,
IEX US Equity,2019,,,
IEX US Equity,2020,,,
IEX US Equity,2021,,,
IEX US Equity,2022,,,
IFF US Equity,2017,,,
IFF US Equity,2018,,,
IFF US Equity,2019,,,
IFF US Equity,2020,,,
IFF US Equity,2021,,,
IFF US Equity,2022,,,
ILMN US Equity,2017,,,
ILMN US Equity,2018,,,
ILMN US Equity,2019,,,
ILMN US Equity,2020,,,
ILMN US Equity,2021,,,
ILMN US Equity,2022,,,
INCY US Equity,2017,,,
INCY US Equity,2018,,,
INCY US Equity,2019,,,
INCY US Equity,2020,,,
INCY US Equity,2021,,,
INCY US Equity,2022,,,
INFO US Equity,2017,,,
INFO US Equity,2018,,,
INFO US Equity,2019,,,
INFO US Equity,2020,,,
INFO US Equity,2021,,,
INFO US Equity,2022,,,
INTC US Equity,2017,,,
INTC US Equity,2018,,,
INTC US Equity,2019,,,
INTC US Equity,2020,,,
INTC US Equity,2021,,,
INTC US Equity,2022,,,
INTU US Equity,2017,,,
INTU US Equity,2018,,,
INTU US Equity,2019,,,
INTU US Equity,2020,,,
INTU US Equity,2021,,,
INTU US Equity,2022,,,
INVH US Equity,2017,,,
INVH US Equity,2018,,,
INVH US Equity,2019,,,
INVH US Equity,2020,,,
INVH US Equity,2021,,,
INVH US Equity,2022,,,
IP US Equity,2017,,,
IP US Equity,2018,,,
IP US Equity,2019,,,
IP US Equity,2020,,,
IP US Equity,2021,,,
IP US Equity,2022,,,
IPG US Equity,2017,,,
IPG US Equity,2018,,,
IPG US Equity,2019,,,
IPG US Equity,2020,,,
IPG US Equity,2021,,,
IPG US Equity,2022,,,
IPGP US Equity,2017,,,
IPGP US Equity,2018,,,
IPGP US Equity,2019,,,
IPGP US Equity,2020,,,
IPGP US Equity,2021,,,
IPGP US Equity,2022,,,
IQV US Equity,2017,,,
IQV US Equity,2018,,,
IQV US Equity,2019,,,
IQV US Equity,2020,,,
IQV US Equity,2021,,,
IQV US Equity,2022,,,
IR US Equity,2017,,,
IR US Equity,2018,,,
IR US Equity,2019,,,
IR US Equity,2020,,,
IR US Equity,2021,,,
IR US Equity,2022,,,
IRM US Equity,2017,,,
IRM US Equity,2018,,,
IRM US Equity,2019,,,
IRM US Equity,2020,,,
IRM US Equity,2021,,,
IRM US Equity,2022,,,
ISRG US Equity,2017,,,
ISRG US Equity,2018,,,
ISRG US Equity,2019,,,
ISRG US Equity,2020,,,
ISRG US Equity,2021,,,
ISRG US Equity,2022,,,
IT US Equity,2017,,,
IT US Equity,2018,,,
IT US Equity,2019,,,
IT US Equity,2020,,,
IT US Equity,2021,,,
IT US Equity,2022,,,
ITW US Equity,2017,,,
ITW US Equity,2018,,,
ITW US Equity,2019,,,
ITW US Equity,2020,,,
ITW US Equity,2021,,,
ITW US Equity,2022,,,
IVZ US Equity,2017,,,
IVZ US Equity,2018,,,
IVZ US Equity,2019,,,
IVZ US Equity,2020,,,
IVZ US Equity,2021,,,
IVZ US Equity,2022,,,
J US Equity,2017,,,
J US Equity,2018,,,
J US Equity,2019,,,
J US Equity,2020,,,
J US Equity,2021,,,
J US Equity,2022,,,
JBHT US Equity,2017,,,
JBHT US Equity,2018,,,
JBHT US Equity,2019,,,
JBHT US Equity,2020,,,
JBHT US Equity,2021,,,
JBHT US Equity,2022,,,
JCI US Equity,2017,,,
JCI US Equity,2018,,,
JCI US Equity,2019,,,
JCI US Equity,2020,,,
JCI US Equity,2021,,,
JCI US Equity,2022,,,
JEF US Equity,2017,,,
JEF US Equity,2018,,,
JEF US Equity,2019,,,
JEF US Equity,2020,,,
JEF US Equity,2021,,,
JEF US Equity,2022,,,
JKHY US Equity,2017,,,
JKHY US Equity,2018,,,
JKHY US Equity,2019,,,
JKHY US Equity,2020,,,
JKHY US Equity,2021,,,
JKHY US Equity,2022,,,
JNJ US Equity,2017,,,
JNJ US Equity,2018,,,
JNJ US Equity,2019,,,
JNJ US Equity,2020,,,
JNJ US Equity,2021,,,
JNJ US Equity,2022,,,
JNPR US Equity,2017,,,
JNPR US Equity,2018,,,
JNPR US Equity,2019,,,
JNPR US Equity,2020,,,
JNPR US Equity,2021,,,
JNPR US Equity,2022,,,
JPM US Equity,2017,,,
JPM US Equity,2018,,,
JPM US Equity,2019,,,
JPM US Equity,2020,,,
JPM US Equity,2021,,,
JPM US Equity,2022,,,
JWN US Equity,2017,,,
JWN US Equity,2018,,,
JWN US Equity,2019,,,
JWN US Equity,2020,,,
JWN US Equity,2021,,,
JWN US Equity,2022,,,
K US Equity,2017,,,
K US Equity,2018,,,
K US Equity,2019,,,
K US Equity,2020,,,
K US Equity,2021,,,
K US Equity,2022,,,
KDP US Equity,2017,,,
KDP US Equity,2018,,,
KDP US Equity,2019,,,
KDP US Equity,2020,,,
KDP US Equity,2021,,,
KDP US Equity,2022,,,
KEY US Equity,2017,,,
KEY US Equity,2018,,,
KEY US Equity,2019,,,
KEY US Equity,2020,,,
KEY US Equity,2021,,,
KEY US Equity,2022,,,
KEYS US Equity,2017,,,
KEYS US Equity,2018,,,
KEYS US Equity,2019,,,
KEYS US Equity,2020,,,
KEYS US Equity,2021,,,
KEYS US Equity,2022,,,
KHC US Equity,2017,,,
KHC US Equity,2018,,,
KHC US Equity,2019,,,
KHC US Equity,2020,,,
KHC US Equity,2021,,,
KHC US Equity,2022,,,
KIM US Equity,2017,,,
KIM US Equity,2018,,,
KIM US Equity,2019,,,
KIM US Equity,2020,,,
KIM US Equity,2021,,,
KIM US Equity,2022,,,
KLAC US Equity,2017,,,
KLAC US Equity,2018,,,
KLAC US Equity,2019,,,
KLAC US Equity,2020,,,
KLAC US Equity,2021,,,
KLAC US Equity,2022,,,
KMB US Equity,2017,,,
KMB US Equity,2018,,,
KMB US Equity,2019,,,
KMB US Equity,2020,,,
KMB US Equity,2021,,,
KMB US Equity,2022,,,
KMI US Equity,2017,,,
KMI US Equity,2018,,,
KMI US Equity,2019,,,
KMI US Equity,2020,,,
KMI US Equity,2021,,,
KMI US Equity,2022,,,
KMX US Equity,2017,,,
KMX US Equity,2018,,,
KMX US Equity,2019,,,
KMX US Equity,2020,,,
KMX US Equity,2021,,,
KMX US Equity,2022,,,
KO US Equity,2017,,,
KO US Equity,2018,,,
KO US Equity,2019,,,
KO US Equity,2020,,,
KO US Equity,2021,,,
KO US Equity,2022,,,
KR US Equity,2017,,,
KR US Equity,2018,,,
KR US Equity,2019,,,
KR US Equity,2020,,,
KR US Equity,2021,,,
KR US Equity,2022,,,
KSS US Equity,2017,,,
KSS US Equity,2018,,,
KSS US Equity,2019,,,
KSS US Equity,2020,,,
KSS US Equity,2021,,,
KSS US Equity,2022,,,
KSU US Equity,2017,,,
KSU US Equity,2018,,,
KSU US Equity,2019,,,
KSU US Equity,2020,,,
KSU US Equity,2021,,,
KSU US Equity,2022,,,
KVUE US Equity,2017,,,
KVUE US Equity,2018,,,
KVUE US Equity,2019,,,
KVUE US Equity,2020,,,
KVUE US Equity,2021,,,
KVUE US Equity,2022,,,
L US Equity,2017,,,
L US Equity,2018,,,
L US Equity,2019,,,
L US Equity,2020,,,
L US Equity,2021,,,
L US Equity,2022,,,
LDOS US Equity,2017,,,
LDOS US Equity,2018,,,
LDOS US Equity,2019,,,
LDOS US Equity,2020,,,
LDOS US Equity,2021,,,
LDOS US Equity,2022,,,
LEG US Equity,2017,,,
LEG US Equity,2018,,,
LEG US Equity,2019,,,
LEG US Equity,2020,,,
LEG US Equity,2021,,,
LEG US Equity,2022,,,
LEN US Equity,2017,,,
LEN US Equity,2018,,,
LEN US Equity,2019,,,
LEN US Equity,2020,,,
LEN US Equity,2021,,,
LEN US Equity,2022,,,
LH US Equity,2017,,,
LH US Equity,2018,,,
LH US Equity,2019,,,
LH US Equity,2020,,,
LH US Equity,2021,,,
LH US Equity,2022,,,
LHX US Equity,2017,,,
LHX US Equity,2018,,,
LHX US Equity,2019,,,
LHX US Equity,2020,,,
LHX US Equity,2021,,,
LHX US Equity,2022,,,
LIN US Equity,2017,,,
LIN US Equity,2018,,,
LIN US Equity,2019,,,
LIN US Equity,2020,,,
LIN US Equity,2021,,,
LIN US Equity,2022,,,
LKQ US Equity,2017,,,
LKQ US Equity,2018,,,
LKQ US Equity,2019,,,
LKQ US Equity,2020,,,
LKQ US Equity,2021,,,
LKQ US Equity,2022,,,
LLL US Equity,2017,,,
LLL US Equity,2018,,,
LLL US Equity,2019,,,
LLL US Equity,2020,,,
LLL US Equity,2021,,,
LLL US Equity,2022,,,
LLY US Equity,2017,,,
LLY US Equity,2018,,,
LLY US Equity,2019,,,
LLY US Equity,2020,,,
LLY US Equity,2021,,,
LLY US Equity,2022,,,
LMT US Equity,2017,,,
LMT US Equity,2018,,,
LMT US Equity,2019,,,
LMT US Equity,2020,,,
LMT US Equity,2021,,,
LMT US Equity,2022,,,
LNC US Equity,2017,,,
LNC US Equity,2018,,,
LNC US Equity,2019,,,
LNC US Equity,2020,,,
LNC US Equity,2021,,,
LNC US Equity,2022,,,
LNT US Equity,2017,,,
LNT US Equity,2018,,,
LNT US Equity,2019,,,
LNT US Equity,2020,,,
LNT US Equity,2021,,,
LNT US Equity,2022,,,
LOW US Equity,2017,,,
LOW US Equity,2018,,,
LOW US Equity,2019,,,
LOW US Equity,2020,,,
LOW US Equity,2021,,,
LOW US Equity,2022,,,
LRCX US Equity,2017,,,
LRCX US Equity,2018,,,
LRCX US Equity,2019,,,
LRCX US Equity,2020,,,
LRCX US Equity,2021,,,
LRCX US Equity,2022,,,
LULU US Equity,2017,,,
LULU US Equity,2018,,,
LULU US Equity,2019,,,
LULU US Equity,2020,,,
LULU US Equity,2021,,,
LULU US Equity,2022,,,
LUMN US Equity,2017,,,
LUMN US Equity,2018,,,
LUMN US Equity,2019,,,
LUMN US Equity,2020,,,
LUMN US Equity,2021,,,
LUMN US Equity,2022,,,
LUV US Equity,2017,,,
LUV US Equity,2018,,,
LUV US Equity,2019,,,
LUV US Equity,2020,,,
LUV US Equity,2021,,,
LUV US Equity,2022,,,
LVS US Equity,2017,,,
LVS US Equity,2018,,,
LVS US Equity,2019,,,
LVS US Equity,2020,,,
LVS US Equity,2021,,,
LVS US Equity,2022,,,
LW US Equity,2017,,,
LW US Equity,2018,,,
LW US Equity,2019,,,
LW US Equity,2020,,,
LW US Equity,2021,,,
LW US Equity,2022,,,
LYB US Equity,2017,,,
LYB US Equity,2018,,,
LYB US Equity,2019,,,
LYB US Equity,2020,,,
LYB US Equity,2021,,,
LYB US Equity,2022,,,
LYV US Equity,2017,,,
LYV US Equity,2018,,,
LYV US Equity,2019,,,
LYV US Equity,2020,,,
LYV US Equity,2021,,,
LYV US Equity,2022,,,
M US Equity,2017,,,
M US Equity,2018,,,
M US Equity,2019,,,
M US Equity,2020,,,
M US Equity,2021,,,
M US Equity,2022,,,
MA US Equity,2017,,,
MA US Equity,2018,,,
MA US Equity,2019,,,
MA US Equity,2020,,,
MA US Equity,2021,,,
MA US Equity,2022,,,
MAA US Equity,2017,,,
MAA US Equity,2018,,,
MAA US Equity,2019,,,
MAA US Equity,2020,,,
MAA US Equity,2021,,,
MAA US Equity,2022,,,
MAC US Equity,2017,,,
MAC US Equity,2018,,,
MAC US Equity,2019,,,
MAC US Equity,2020,,,
MAC US Equity,2021,,,
MAC US Equity,2022,,,
MAR US Equity,2017,,,
MAR US Equity,2018,,,
MAR US Equity,2019,,,
MAR US Equity,2020,,,
MAR US Equity,2021,,,
MAR US Equity,2022,,,
MAS US Equity,2017,,,
MAS US Equity,2018,,,
MAS US Equity,2019,,,
MAS US Equity,2020,,,
MAS US Equity,2021,,,
MAS US Equity,2022,,,
MAT US Equity,2017,,,
MAT US Equity,2018,,,
MAT US Equity,2019,,,
MAT US Equity,2020,,,
MAT US Equity,2021,,,
MAT US Equity,2022,,,
MCD US Equity,2017,,,
MCD US Equity,2018,,,
MCD US Equity,2019,,,
MCD US Equity,2020,,,
MCD US Equity,2021,,,
MCD US Equity,2022,,,
MCHP US Equity,2017,,,
MCHP US Equity,2018,,,
MCHP US Equity,2019,,,
MCHP US Equity,2020,,,
MCHP US Equity,2021,,,
MCHP US Equity,2022,,,
MCK US Equity,2017,,,
MCK US Equity,2018,,,
MCK US Equity,2019,,,
MCK US Equity,2020,,,
MCK US Equity,2021,,,
MCK US Equity,2022,,,
MCO US Equity,2017,,,
MCO US Equity,2018,,,
MCO US Equity,2019,,,
MCO US Equity,2020,,,
MCO US Equity,2021,,,
MCO US Equity,2022,,,
MDLZ US Equity,2017,,,
MDLZ US Equity,2018,,,
MDLZ US Equity,2019,,,
MDLZ US Equity,2020,,,
MDLZ US Equity,2021,,,
MDLZ US Equity,2022,,,
MDT US Equity,2017,,,
MDT US Equity,2018,,,
MDT US Equity,2019,,,
MDT US Equity,2020,,,
MDT US Equity,2021,,,
MDT US Equity,2022,,,
MET US Equity,2017,,,
MET US Equity,2018,,,
MET US Equity,2019,,,
MET US Equity,2020,,,
MET US Equity,2021,,,
MET US Equity,2022,,,
META US Equity,2017,,,
META US Equity,2018,,,
META US Equity,2019,,,
META US Equity,2020,,,
META US Equity,2021,,,
META US Equity,2022,,,
MGM US Equity,2017,,,
MGM US Equity,2018,,,
MGM US Equity,2019,,,
MGM US Equity,2020,,,
MGM US Equity,2021,,,
MGM US Equity,2022,,,
MHK US Equity,2017,,,
MHK US Equity,2018,,,
MHK US Equity,2019,,,
MHK US Equity,2020,,,
MHK US Equity,2021,,,
MHK US Equity,2022,,,
MKC US Equity,2017,,,
MKC US Equity,2018,,,
MKC US Equity,2019,,,
MKC US Equity,2020,,,
MKC US Equity,2021,,,
MKC US Equity,2022,,,
MKTX US Equity,2017,,,
MKTX US Equity,2018,,,
MKTX US Equity,2019,,,
MKTX US Equity,2020,,,
MKTX US Equity,2021,,,
MKTX US Equity,2022,,,
MLM US Equity,2017,,,
MLM US Equity,2018,,,
MLM US Equity,2019,,,
MLM US Equity,2020,,,
MLM US Equity,2021,,,
MLM US Equity,2022,,,
MMC US Equity,2017,,,
MMC US Equity,2018,,,
MMC US Equity,2019,,,
MMC US Equity,2020,,,
MMC US Equity,2021,,,
MMC US Equity,2022,,,
MMM US Equity,2017,,,
MMM US Equity,2018,,,
MMM US Equity,2019,,,
MMM US Equity,2020,,,
MMM US Equity,2021,,,
MMM US Equity,2022,,,
MNST US Equity,2017,,,
MNST US Equity,2018,,,
MNST US Equity,2019,,,
MNST US Equity,2020,,,
MNST US Equity,2021,,,
MNST US Equity,2022,,,
MO US Equity,2017,,,
MO US Equity,2018,,,
MO US Equity,2019,,,
MO US Equity,2020,,,
MO US Equity,2021,,,
MO US Equity,2022,,,
MOH US Equity,2017,,,
MOH US Equity,2018,,,
MOH US Equity,2019,,,
MOH US Equity,2020,,,
MOH US Equity,2021,,,
MOH US Equity,2022,,,
MOS US Equity,2017,,,
MOS US Equity,2018,,,
MOS US Equity,2019,,,
MOS US Equity,2020,,,
MOS US Equity,2021,,,
MOS US Equity,2022,,,
MPC US Equity,2017,,,
MPC US Equity,2018,,,
MPC US Equity,2019,,,
MPC US Equity,2020,,,
MPC US Equity,2021,,,
MPC US Equity,2022,,,
MPWR US Equity,2017,,,
MPWR US Equity,2018,,,
MPWR US Equity,2019,,,
MPWR US Equity,2020,,,
MPWR US Equity,2021,,,
MPWR US Equity,2022,,,
MRK US Equity,2017,,,
MRK US Equity,2018,,,
MRK US Equity,2019,,,
MRK US Equity,2020,,,
MRK US Equity,2021,,,
MRK US Equity,2022,,,
MRNA US Equity,2017,,,
MRNA US Equity,2018,,,
MRNA US Equity,2019,,,
MRNA US Equity,2020,,,
MRNA US Equity,2021,,,
MRNA US Equity,2022,,,
MRO US Equity,2017,,,
MRO US Equity,2018,,,
MRO US Equity,2019,,,
MRO US Equity,2020,,,
MRO US Equity,2021,,,
MRO US Equity,2022,,,
MS US Equity,2017,,,
MS US Equity,2018,,,
MS US Equity,2019,,,
MS US Equity,2020,,,
MS US Equity,2021,,,
MS US Equity,2022,,,
MSCI US Equity,2017,,,
MSCI US Equity,2018,,,
MSCI US Equity,2019,,,
MSCI US Equity,2020,,,
MSCI US Equity,2021,,,
MSCI US Equity,2022,,,
MSFT US Equity,2017,,,
MSFT US Equity,2018,,,
MSFT US Equity,2019,,,
MSFT US Equity,2020,,,
MSFT US Equity,2021,,,
MSFT US Equity,2022,,,
MSI US Equity,2017,,,
MSI US Equity,2018,,,
MSI US Equity,2019,,,
MSI US Equity,2020,,,
MSI US Equity,2021,,,
MSI US Equity,2022,,,
MTB US Equity,2017,,,
MTB US Equity,2018,,,
MTB US Equity,2019,,,
MTB US Equity,2020,,,
MTB US Equity,2021,,,
MTB US Equity,2022,,,
MTCH US Equity,2017,,,
MTCH US Equity,2018,,,
MTCH US Equity,2019,,,
MTCH US Equity,2020,,,
MTCH US Equity,2021,,,
MTCH US Equity,2022,,,
MTD US Equity,2017,,,
MTD US Equity,2018,,,
MTD US Equity,2019,,,
MTD US Equity,2020,,,
MTD US Equity,2021,,,
MTD US Equity,2022,,,
MU US Equity,2017,,,
MU US Equity,2018,,,
MU US Equity,2019,,,
MU US Equity,2020,,,
MU US Equity,2021,,,
MU US Equity,2022,,,
MXIM US Equity,2017,,,
MXIM US Equity,2018,,,
MXIM US Equity,2019,,,
MXIM US Equity,2020,,,
MXIM US Equity,2021,,,
MXIM US Equity,2022,,,
NAVI US Equity,2017,,,
NAVI US Equity,2018,,,
NAVI US Equity,2019,,,
NAVI US Equity,2020,,,
NAVI US Equity,2021,,,
NAVI US Equity,2022,,,
NBL US Equity,2017,,,
NBL US Equity,2018,,,
NBL US Equity,2019,,,
NBL US Equity,2020,,,
NBL US Equity,2021,,,
NBL US Equity,2022,,,
NCLH US Equity,2017,,,
NCLH US Equity,2018,,,
NCLH US Equity,2019,,,
NCLH US Equity,2020,,,
NCLH US Equity,2021,,,
NCLH US Equity,2022,,,
NDAQ US Equity,2017,,,
NDAQ US Equity,2018,,,
NDAQ US Equity,2019,,,
NDAQ US Equity,2020,,,
NDAQ US Equity,2021,,,
NDAQ US Equity,2022,,,
NDSN US Equity,2017,,,
NDSN US Equity,2018,,,
NDSN US Equity,2019,,,
NDSN US Equity,2020,,,
NDSN US Equity,2021,,,
NDSN US Equity,2022,,,
NEE US Equity,2017,,,
NEE US Equity,2018,,,
NEE US Equity,2019,,,
NEE US Equity,2020,,,
NEE US Equity,2021,,,
NEE US Equity,2022,,,
NEM US Equity,2017,,,
NEM US Equity,2018,,,
NEM US Equity,2019,,,
NEM US Equity,2020,,,
NEM US Equity,2021,,,
NEM US Equity,2022,,,
NFLX US Equity,2017,,,
NFLX US Equity,2018,,,
NFLX US Equity,2019,,,
NFLX US Equity,2020,,,
NFLX US Equity,2021,,,
NFLX US Equity,2022,,,
NFX US Equity,2017,,,
NFX US Equity,2018,,,
NFX US Equity,2019,,,
NFX US Equity,2020,,,
NFX US Equity,2021,,,
NFX US Equity,2022,,,
NI US Equity,2017,,,
NI US Equity,2018,,,
NI US Equity,2019,,,
NI US Equity,2020,,,
NI US Equity,2021,,,
NI US Equity,2022,,,
NKE US Equity,2017,,,
NKE US Equity,2018,,,
NKE US Equity,2019,,,
NKE US Equity,2020,,,
NKE US Equity,2021,,,
NKE US Equity,2022,,,
NKTR US Equity,2017,,,
NKTR US Equity,2018,,,
NKTR US Equity,2019,,,
NKTR US Equity,2020,,,
NKTR US Equity,2021,,,
NKTR US Equity,2022,,,
NLSN US Equity,2017,,,
NLSN US Equity,2018,,,
NLSN US Equity,2019,,,
NLSN US Equity,2020,,,
NLSN US Equity,2021,,,
NLSN US Equity,2022,,,
NOC US Equity,2017,,,
NOC US Equity,2018,,,
NOC US Equity,2019,,,
NOC US Equity,2020,,,
NOC US Equity,2021,,,
NOC US Equity,2022,,,
NOV US Equity,2017,,,
NOV US Equity,2018,,,
NOV US Equity,2019,,,
NOV US Equity,2020,,,
NOV US Equity,2021,,,
NOV US Equity,2022,,,
NOW US Equity,2017,,,
NOW US Equity,2018,,,
NOW US Equity,2019,,,
NOW US Equity,2020,,,
NOW US Equity,2021,,,
NOW US Equity,2022,,,
NRG US Equity,2017,,,
NRG US Equity,2018,,,
NRG US Equity,2019,,,
NRG US Equity,2020,,,
NRG US Equity,2021,,,
NRG US Equity,2022,,,
NSC US Equity,2017,,,
NSC US Equity,2018,,,
NSC US Equity,2019,,,
NSC US Equity,2020,,,
NSC US Equity,2021,,,
NSC US Equity,2022,,,
NTAP US Equity,2017,,,
NTAP US Equity,2018,,,
NTAP US Equity,2019,,,
NTAP US Equity,2020,,,
NTAP US Equity,2021,,,
NTAP US Equity,2022,,,
NTRS US Equity,2017,,,
NTRS US Equity,2018,,,
NTRS US Equity,2019,,,
NTRS US Equity,2020,,,
NTRS US Equity,2021,,,
NTRS US Equity,2022,,,
NUE US Equity,2017,,,
NUE US Equity,2018,,,
NUE US Equity,2019,,,
NUE US Equity,2020,,,
NUE US Equity,2021,,,
NUE US Equity,2022,,,
NVDA US Equity,2017,,,
NVDA US Equity,2018,,,
NVDA US Equity,2019,,,
NVDA US Equity,2020,,,
NVDA US Equity,2021,,,
NVDA US Equity,2022,,,
NVR US Equity,2017,,,
NVR US Equity,2018,,,
NVR US Equity,2019,,,
NVR US Equity,2020,,,
NVR US Equity,2021,,,
NVR US Equity,2022,,,
NVT US Equity,2017,,,
NVT US Equity,2018,,,
NVT US Equity,2019,,,
NVT US Equity,2020,,,
NVT US Equity,2021,,,
NVT US Equity,2022,,,
NWL US Equity,2017,,,
NWL US Equity,2018,,,
NWL US Equity,2019,,,
NWL US Equity,2020,,,
NWL US Equity,2021,,,
NWL US Equity,2022,,,
NWS US Equity,2017,,,
NWS US Equity,2018,,,
NWS US Equity,2019,,,
NWS US Equity,2020,,,
NWS US Equity,2021,,,
NWS US Equity,2022,,,
NWSA US Equity,2017,,,
NWSA US Equity,2018,,,
NWSA US Equity,2019,,,
NWSA US Equity,2020,,,
NWSA US Equity,2021,,,
NWSA US Equity,2022,,,
NXPI US Equity,2017,,,
NXPI US Equity,2018,,,
NXPI US Equity,2019,,,
NXPI US Equity,2020,,,
NXPI US Equity,2021,,,
NXPI US Equity,2022,,,
O US Equity,2017,,,
O US Equity,2018,,,
O US Equity,2019,,,
O US Equity,2020,,,
O US Equity,2021,,,
O US Equity,2022,,,
ODFL US Equity,2017,,,
ODFL US Equity,2018,,,
ODFL US Equity,2019,,,
ODFL US Equity,2020,,,
ODFL US Equity,2021,,,
ODFL US Equity,2022,,,
OGN US Equity,2017,,,
OGN US Equity,2018,,,
OGN US Equity,2019,,,
OGN US Equity,2020,,,
OGN US Equity,2021,,,
OGN US Equity,2022,,,
OKE US Equity,2017,,,
OKE US Equity,2018,,,
OKE US Equity,2019,,,
OKE US Equity,2020,,,
OKE US Equity,2021,,,
OKE US Equity,2022,,,
OMC US Equity,2017,,,
OMC US Equity,2018,,,
OMC US Equity,2019,,,
OMC US Equity,2020,,,
OMC US Equity,2021,,,
OMC US Equity,2022,,,
ON US Equity,2017,,,
ON US Equity,2018,,,
ON US Equity,2019,,,
ON US Equity,2020,,,
ON US Equity,2021,,,
ON US Equity,2022,,,
ORCL US Equity,2017,,,
ORCL US Equity,2018,,,
ORCL US Equity,2019,,,
ORCL US Equity,2020,,,
ORCL US Equity,2021,,,
ORCL US Equity,2022,,,
ORLY US Equity,2017,,,
ORLY US Equity,2018,,,
ORLY US Equity,2019,,,
ORLY US Equity,2020,,,
ORLY US Equity,2021,,,
ORLY US Equity,2022,,,
OTIS US Equity,2017,,,
OTIS US Equity,2018,,,
OTIS US Equity,2019,,,
OTIS US Equity,2020,,,
OTIS US Equity,2021,,,
OTIS US Equity,2022,,,
OXY US Equity,2017,,,
OXY US Equity,2018,,,
OXY US Equity,2019,,,
OXY US Equity,2020,,,
OXY US Equity,2021,,,
OXY US Equity,2022,,,
PANW US Equity,2017,,,
PANW US Equity,2018,,,
PANW US Equity,2019,,,
PANW US Equity,2020,,,
PANW US Equity,2021,,,
PANW US Equity,2022,,,
PARA US Equity,2017,,,
PARA US Equity,2018,,,
PARA US Equity,2019,,,
PARA US Equity,2020,,,
PARA US Equity,2021,,,
PARA US Equity,2022,,,
PAYC US Equity,2017,,,
PAYC US Equity,2018,,,
PAYC US Equity,2019,,,
PAYC US Equity,2020,,,
PAYC US Equity,2021,,,
PAYC US Equity,2022,,,
PAYX US Equity,2017,,,
PAYX US Equity,2018,,,
PAYX US Equity,2019,,,
PAYX US Equity,2020,,,
PAYX US Equity,2021,,,
PAYX US Equity,2022,,,
PBCT US Equity,2017,,,
PBCT US Equity,2018,,,
PBCT US Equity,2019,,,
PBCT US Equity,2020,,,
PBCT US Equity,2021,,,
PBCT US Equity,2022,,,
PCAR US Equity,2017,,,
PCAR US Equity,2018,,,
PCAR US Equity,2019,,,
PCAR US Equity,2020,,,
PCAR US Equity,2021,,,
PCAR US Equity,2022,,,
PCG US Equity,2017,,,
PCG US Equity,2018,,,
PCG US Equity,2019,,,
PCG US Equity,2020,,,
PCG US Equity,2021,,,
PCG US Equity,2022,,,
PEAK US Equity,2017,,,
PEAK US Equity,2018,,,
PEAK US Equity,2019,,,
PEAK US Equity,2020,,,
PEAK US Equity,2021,,,
PEAK US Equity,2022,,,
PEG US Equity,2017,,,
PEG US Equity,2018,,,
PEG US Equity,2019,,,
PEG US Equity,2020,,,
PEG US Equity,2021,,,
PEG US Equity,2022,,,
PENN US Equity,2017,,,
PENN US Equity,2018,,,
PENN US Equity,2019,,,
PENN US Equity,2020,,,
PENN US Equity,2021,,,
PENN US Equity,2022,,,
PEP US Equity,2017,,,
PEP US Equity,2018,,,
PEP US Equity,2019,,,
PEP US Equity,2020,,,
PEP US Equity,2021,,,
PEP US Equity,2022,,,
PFE US Equity,2017,,,
PFE US Equity,2018,,,
PFE US Equity,2019,,,
PFE US Equity,2020,,,
PFE US Equity,2021,,,
PFE US Equity,2022,,,
PFG US Equity,2017,,,
PFG US Equity,2018,,,
PFG US Equity,2019,,,
PFG US Equity,2020,,,
PFG US Equity,2021,,,
PFG US Equity,2022,,,
PG US Equity,2017,,,
PG US Equity,2018,,,
PG US Equity,2019,,,
PG US Equity,2020,,,
PG US Equity,2021,,,
PG US Equity,2022,,,
PGR US Equity,2017,,,
PGR US Equity,2018,,,
PGR US Equity,2019,,,
PGR US Equity,2020,,,
PGR US Equity,2021,,,
PGR US Equity,2022,,,
PH US Equity,2017,,,
PH US Equity,2018,,,
PH US Equity,2019,,,
PH US Equity,2020,,,
PH US Equity,2021,,,
PH US Equity,2022,,,
PHM US Equity,2017,,,
PHM US Equity,2018,,,
PHM US Equity,2019,,,
PHM US Equity,2020,,,
PHM US Equity,2021,,,
PHM US Equity,2022,,,
PKG US Equity,2017,,,
PKG US Equity,2018,,,
PKG US Equity,2019,,,
PKG US Equity,2020,,,
PKG US Equity,2021,,,
PKG US Equity,2022,,,
PLD US Equity,2017,,,
PLD US Equity,2018,,,
PLD US Equity,2019,,,
PLD US Equity,2020,,,
PLD US Equity,2021,,,
PLD US Equity,2022,,,
PM US Equity,2017,,,
PM US Equity,2018,,,
PM US Equity,2019,,,
PM US Equity,2020,,,
PM US Equity,2021,,,
PM US Equity,2022,,,
PNC US Equity,2017,,,
PNC US Equity,2018,,,
PNC US Equity,2019,,,
PNC US Equity,2020,,,
PNC US Equity,2021,,,
PNC US Equity,2022,,,
PNR US Equity,2017,,,
PNR US Equity,2018,,,
PNR US Equity,2019,,,
PNR US Equity,2020,,,
PNR US Equity,2021,,,
PNR US Equity,2022,,,
PNW US Equity,2017,,,
PNW US Equity,2018,,,
PNW US Equity,2019,,,
PNW US Equity,2020,,,
PNW US Equity,2021,,,
PNW US Equity,2022,,,
PODD US Equity,2017,,,
PODD US Equity,2018,,,
PODD US Equity,2019,,,
PODD US Equity,2020,,,
PODD US Equity,2021,,,
PODD US Equity,2022,,,
POOL US Equity,2017,,,
POOL US Equity,2018,,,
POOL US Equity,2019,,,
POOL US Equity,2020,,,
POOL US Equity,2021,,,
POOL US Equity,2022,,,
PPG US Equity,2017,,,
PPG US Equity,2018,,,
PPG US Equity,2019,,,
PPG US Equity,2020,,,
PPG US Equity,2021,,,
PPG US Equity,2022,,,
PPL US Equity,2017,,,
PPL US Equity,2018,,,
PPL US Equity,2019,,,
PPL US Equity,2020,,,
PPL US Equity,2021,,,
PPL US Equity,2022,,,
PRGO US Equity,2017,,,
PRGO US Equity,2018,,,
PRGO US Equity,2019,,,
PRGO US Equity,2020,,,
PRGO US Equity,2021,,,
PRGO US Equity,2022,,,
PRSP US Equity,2017,,,
PRSP US Equity,2018,,,
PRSP US Equity,2019,,,
PRSP US Equity,2020,,,
PRSP US Equity,2021,,,
PRSP US Equity,2022,,,
PRU US Equity,2017,,,
PRU US Equity,2018,,,
PRU US Equity,2019,,,
PRU US Equity,2020,,,
PRU US Equity,2021,,,
PRU US Equity,2022,,,
PSA US Equity,2017,,,
PSA US Equity,2018,,,
PSA US Equity,2019,,,
PSA US Equity,2020,,,
PSA US Equity,2021,,,
PSA US Equity,2022,,,
PSX US Equity,2017,,,
PSX US Equity,2018,,,
PSX US Equity,2019,,,
PSX US Equity,2020,,,
PSX US Equity,2021,,,
PSX US Equity,2022,,,
PTC US Equity,2017,,,
PTC US Equity,2018,,,
PTC US Equity,2019,,,
PTC US Equity,2020,,,
PTC US Equity,2021,,,
PTC US Equity,2022,,,
PVH US Equity,2017,,,
PVH US Equity,2018,,,
PVH US Equity,2019,,,
PVH US Equity,2020,,,
PVH US Equity,2021,,,
PVH US Equity,2022,,,
PWR US Equity,2017,,,
PWR US Equity,2018,,,
PWR US Equity,2019,,,
PWR US Equity,2020,,,
PWR US Equity,2021,,,
PWR US Equity,2022,,,
PXD US Equity,2017,,,
PXD US Equity,2018,,,
PXD US Equity,2019,,,
PXD US Equity,2020,,,
PXD US Equity,2021,,,
PXD US Equity,2022,,,
PYPL US Equity,2017,,,
PYPL US Equity,2018,,,
PYPL US Equity,2019,,,
PYPL US Equity,2020,,,
PYPL US Equity,2021,,,
PYPL US Equity,2022,,,
QCOM US Equity,2017,,,
QCOM US Equity,2018,,,
QCOM US Equity,2019,,,
QCOM US Equity,2020,,,
QCOM US Equity,2021,,,
QCOM US Equity,2022,,,
QRVO US Equity,2017,,,
QRVO US Equity,2018,,,
QRVO US Equity,2019,,,
QRVO US Equity,2020,,,
QRVO US Equity,2021,,,
QRVO US Equity,2022,,,
RCL US Equity,2017,,,
RCL US Equity,2018,,,
RCL US Equity,2019,,,
RCL US Equity,2020,,,
RCL US Equity,2021,,,
RCL US Equity,2022,,,
RE US Equity,2017,,,
RE US Equity,2018,,,
RE US Equity,2019,,,
RE US Equity,2020,,,
RE US Equity,2021,,,
RE US Equity,2022,,,
REG US Equity,2017,,,
REG US Equity,2018,,,
REG US Equity,2019,,,
REG US Equity,2020,,,
REG US Equity,2021,,,
REG US Equity,2022,,,
REGN US Equity,2017,,,
REGN US Equity,2018,,,
REGN US Equity,2019,,,
REGN US Equity,2020,,,
REGN US Equity,2021,,,
REGN US Equity,2022,,,
RF US Equity,2017,,,
RF US Equity,2018,,,
RF US Equity,2019,,,
RF US Equity,2020,,,
RF US Equity,2021,,,
RF US Equity,2022,,,
RHI US Equity,2017,,,
RHI US Equity,2018,,,
RHI US Equity,2019,,,
RHI US Equity,2020,,,
RHI US Equity,2021,,,
RHI US Equity,2022,,,
RHT US Equity,2017,,,
RHT US Equity,2018,,,
RHT US Equity,2019,,,
RHT US Equity,2020,,,
RHT US Equity,2021,,,
RHT US Equity,2022,,,
RJF US Equity,2017,,,
RJF US Equity,2018,,,
RJF US Equity,2019,,,
RJF US Equity,2020,,,
RJF US Equity,2021,,,
RJF US Equity,2022,,,
RL US Equity,2017,,,
RL US Equity,2018,,,
RL US Equity,2019,,,
RL US Equity,2020,,,
RL US Equity,2021,,,
RL US Equity,2022,,,
RMD US Equity,2017,,,
RMD US Equity,2018,,,
RMD US Equity,2019,,,
RMD US Equity,2020,,,
RMD US Equity,2021,,,
RMD US Equity,2022,,,
ROK US Equity,2017,,,
ROK US Equity,2018,,,
ROK US Equity,2019,,,
ROK US Equity,2020,,,
ROK US Equity,2021,,,
ROK US Equity,2022,,,
ROL US Equity,2017,,,
ROL US Equity,2018,,,
ROL US Equity,2019,,,
ROL US Equity,2020,,,
ROL US Equity,2021,,,
ROL US Equity,2022,,,
ROP US Equity,2017,,,
ROP US Equity,2018,,,
ROP US Equity,2019,,,
ROP US Equity,2020,,,
ROP US Equity,2021,,,
ROP US Equity,2022,,,
ROST US Equity,2017,,,
ROST US Equity,2018,,,
ROST US Equity,2019,,,
ROST US Equity,2020,,,
ROST US Equity,2021,,,
ROST US Equity,2022,,,
RRC US Equity,2017,,,
RRC US Equity,2018,,,
RRC US Equity,2019,,,
RRC US Equity,2020,,,
RRC US Equity,2021,,,
RRC US Equity,2022,,,
RSG US Equity,2017,,,
RSG US Equity,2018,,,
RSG US Equity,2019,,,
RSG US Equity,2020,,,
RSG US Equity,2021,,,
RSG US Equity,2022,,,
RTN US Equity,2017,,,
RTN US Equity,2018,,,
RTN US Equity,2019,,,
RTN US Equity,2020,,,
RTN US Equity,2021,,,
RTN US Equity,2022,,,
RTX US Equity,2017,,,
RTX US Equity,2018,,,
RTX US Equity,2019,,,
RTX US Equity,2020,,,
RTX US Equity,2021,,,
RTX US Equity,2022,,,
RVTY US Equity,2017,,,
RVTY US Equity,2018,,,
RVTY US Equity,2019,,,
RVTY US Equity,2020,,,
RVTY US Equity,2021,,,
RVTY US Equity,2022,,,
SBAC US Equity,2017,,,
SBAC US Equity,2018,,,
SBAC US Equity,2019,,,
SBAC US Equity,2020,,,
SBAC US Equity,2021,,,
SBAC US Equity,2022,,,
SBNY US Equity,2017,,,
SBNY US Equity,2018,,,
SBNY US Equity,2019,,,
SBNY US Equity,2020,,,
SBNY US Equity,2021,,,
SBNY US Equity,2022,,,
SBUX US Equity,2017,,,
SBUX US Equity,2018,,,
SBUX US Equity,2019,,,
SBUX US Equity,2020,,,
SBUX US Equity,2021,,,
SBUX US Equity,2022,,,
SCG US Equity,2017,,,
SCG US Equity,2018,,,
SCG US Equity,2019,,,
SCG US Equity,2020,,,
SCG US Equity,2021,,,
SCG US Equity,2022,,,
SCHW US Equity,2017,,,
SCHW US Equity,2018,,,
SCHW US Equity,2019,,,
SCHW US Equity,2020,,,
SCHW US Equity,2021,,,
SCHW US Equity,2022,,,
SEDG US Equity,2017,,,
SEDG US Equity,2018,,,
SEDG US Equity,2019,,,
SEDG US Equity,2020,,,
SEDG US Equity,2021,,,
SEDG US Equity,2022,,,
SEE US Equity,2017,,,
SEE US Equity,2018,,,
SEE US Equity,2019,,,
SEE US Equity,2020,,,
SEE US Equity,2021,,,
SEE US Equity,2022,,,
SHW US Equity,2017,,,
SHW US Equity,2018,,,
SHW US Equity,2019,,,
SHW US Equity,2020,,,
SHW US Equity,2021,,,
SHW US Equity,2022,,,
SIVB US Equity,2017,,,
SIVB US Equity,2018,,,
SIVB US Equity,2019,,,
SIVB US Equity,2020,,,
SIVB US Equity,2021,,,
SIVB US Equity,2022,,,
SJM US Equity,2017,,,
SJM US Equity,2018,,,
SJM US Equity,2019,,,
SJM US Equity,2020,,,
SJM US Equity,2021,,,
SJM US Equity,2022,,,
SLB US Equity,2017,,,
SLB US Equity,2018,,,
SLB US Equity,2019,,,
SLB US Equity,2020,,,
SLB US Equity,2021,,,
SLB US Equity,2022,,,
SLG US Equity,2017,,,
SLG US Equity,2018,,,
SLG US Equity,2019,,,
SLG US Equity,2020,,,
SLG US Equity,2021,,,
SLG US Equity,2022,,,
SLVM US Equity,2017,,,
SLVM US Equity,2018,,,
SLVM US Equity,2019,,,
SLVM US Equity,2020,,,
SLVM US Equity,2021,,,
SLVM US Equity,2022,,,
SNA US Equity,2017,,,
SNA US Equity,2018,,,
SNA US Equity,2019,,,
SNA US Equity,2020,,,
SNA US Equity,2021,,,
SNA US Equity,2022,,,
SNPS US Equity,2017,,,
SNPS US Equity,2018,,,
SNPS US Equity,2019,,,
SNPS US Equity,2020,,,
SNPS US Equity,2021,,,
SNPS US Equity,2022,,,
SO US Equity,2017,,,
SO US Equity,2018,,,
SO US Equity,2019,,,
SO US Equity,2020,,,
SO US Equity,2021,,,
SO US Equity,2022,,,
SPG US Equity,2017,,,
SPG US Equity,2018,,,
SPG US Equity,2019,,,
SPG US Equity,2020,,,
SPG US Equity,2021,,,
SPG US Equity,2022,,,
SPGI US Equity,2017,,,
SPGI US Equity,2018,,,
SPGI US Equity,2019,,,
SPGI US Equity,2020,,,
SPGI US Equity,2021,,,
SPGI US Equity,2022,,,
SRCL US Equity,2017,,,
SRCL US Equity,2018,,,
SRCL US Equity,2019,,,
SRCL US Equity,2020,,,
SRCL US Equity,2021,,,
SRCL US Equity,2022,,,
SRE US Equity,2017,,,
SRE US Equity,2018,,,
SRE US Equity,2019,,,
SRE US Equity,2020,,,
SRE US Equity,2021,,,
SRE US Equity,2022,,,
STE US Equity,2017,,,
STE US Equity,2018,,,
STE US Equity,2019,,,
STE US Equity,2020,,,
STE US Equity,2021,,,
STE US Equity,2022,,,
STI US Equity,2017,,,
STI US Equity,2018,,,
STI US Equity,2019,,,
STI US Equity,2020,,,
STI US Equity,2021,,,
STI US Equity,2022,,,
STLD US Equity,2017,,,
STLD US Equity,2018,,,
STLD US Equity,2019,,,
STLD US Equity,2020,,,
STLD US Equity,2021,,,
STLD US Equity,2022,,,
STT US Equity,2017,,,
STT US Equity,2018,,,
STT US Equity,2019,,,
STT US Equity,2020,,,
STT US Equity,2021,,,
STT US Equity,2022,,,
STX US Equity,2017,,,
STX US Equity,2018,,,
STX US Equity,2019,,,
STX US Equity,2020,,,
STX US Equity,2021,,,
STX US Equity,2022,,,
STZ US Equity,2017,,,
STZ US Equity,2018,,,
STZ US Equity,2019,,,
STZ US Equity,2020,,,
STZ US Equity,2021,,,
STZ US Equity,2022,,,
SWK US Equity,2017,,,
SWK US Equity,2018,,,
SWK US Equity,2019,,,
SWK US Equity,2020,,,
SWK US Equity,2021,,,
SWK US Equity,2022,,,
SWKS US Equity,2017,,,
SWKS US Equity,2018,,,
SWKS US Equity,2019,,,
SWKS US Equity,2020,,,
SWKS US Equity,2021,,,
SWKS US Equity,2022,,,
SYF US Equity,2017,,,
SYF US Equity,2018,,,
SYF US Equity,2019,,,
SYF US Equity,2020,,,
SYF US Equity,2021,,,
SYF US Equity,2022,,,
SYK US Equity,2017,,,
SYK US Equity,2018,,,
SYK US Equity,2019,,,
SYK US Equity,2020,,,
SYK US Equity,2021,,,
SYK US Equity,2022,,,
SYY US Equity,2017,,,
SYY US Equity,2018,,,
SYY US Equity,2019,,,
SYY US Equity,2020,,,
SYY US Equity,2021,,,
SYY US Equity,2022,,,
T US Equity,2017,,,
T US Equity,2018,,,
T US Equity,2019,,,
T US Equity,2020,,,
T US Equity,2021,,,
T US Equity,2022,,,
TAP US Equity,2017,,,
TAP US Equity,2018,,,
TAP US Equity,2019,,,
TAP US Equity,2020,,,
TAP US Equity,2021,,,
TAP US Equity,2022,,,
TDG US Equity,2017,,,
TDG US Equity,2018,,,
TDG US Equity,2019,,,
TDG US Equity,2020,,,
TDG US Equity,2021,,,
TDG US Equity,2022,,,
TDY US Equity,2017,,,
TDY US Equity,2018,,,
TDY US Equity,2019,,,
TDY US Equity,2020,,,
TDY US Equity,2021,,,
TDY US Equity,2022,,,
TECH US Equity,2017,,,
TECH US Equity,2018,,,
TECH US Equity,2019,,,
TECH US Equity,2020,,,
TECH US Equity,2021,,,
TECH US Equity,2022,,,
TEL US Equity,2017,,,
TEL US Equity,2018,,,
TEL US Equity,2019,,,
TEL US Equity,2020,,,
TEL US Equity,2021,,,
TEL US Equity,2022,,,
TER US Equity,2017,,,
TER US Equity,2018,,,
TER US Equity,2019,,,
TER US Equity,2020,,,
TER US Equity,2021,,,
TER US Equity,2022,,,
TFC US Equity,2017,,,
TFC US Equity,2018,,,
TFC US Equity,2019,,,
TFC US Equity,2020,,,
TFC US Equity,2021,,,
TFC US Equity,2022,,,
TFCF US Equity,2017,,,
TFCF US Equity,2018,,,
TFCF US Equity,2019,,,
TFCF US Equity,2020,,,
TFCF US Equity,2021,,,
TFCF US Equity,2022,,,
TFCFA US Equity,2017,,,
TFCFA US Equity,2018,,,
TFCFA US Equity,2019,,,
TFCFA US Equity,2020,,,
TFCFA US Equity,2021,,,
TFCFA US Equity,2022,,,
TFX US Equity,2017,,,
TFX US Equity,2018,,,
TFX US Equity,2019,,,
TFX US Equity,2020,,,
TFX US Equity,2021,,,
TFX US Equity,2022,,,
TGT US Equity,2017,,,
TGT US Equity,2018,,,
TGT US Equity,2019,,,
TGT US Equity,2020,,,
TGT US Equity,2021,,,
TGT US Equity,2022,,,
TIF US Equity,2017,,,
TIF US Equity,2018,,,
TIF US Equity,2019,,,
TIF US Equity,2020,,,
TIF US Equity,2021,,,
TIF US Equity,2022,,,
TJX US Equity,2017,,,
TJX US Equity,2018,,,
TJX US Equity,2019,,,
TJX US Equity,2020,,,
TJX US Equity,2021,,,
TJX US Equity,2022,,,
TMO US Equity,2017,,,
TMO US Equity,2018,,,
TMO US Equity,2019,,,
TMO US Equity,2020,,,
TMO US Equity,2021,,,
TMO US Equity,2022,,,
TMUS US Equity,2017,,,
TMUS US Equity,2018,,,
TMUS US Equity,2019,,,
TMUS US Equity,2020,,,
TMUS US Equity,2021,,,
TMUS US Equity,2022,,,
TNL US Equity,2017,,,
TNL US Equity,2018,,,
TNL US Equity,2019,,,
TNL US Equity,2020,,,
TNL US Equity,2021,,,
TNL US Equity,2022,,,
TPR US Equity,2017,,,
TPR US Equity,2018,,,
TPR US Equity,2019,,,
TPR US Equity,2020,,,
TPR US Equity,2021,,,
TPR US Equity,2022,,,
TRGP US Equity,2017,,,
TRGP US Equity,2018,,,
TRGP US Equity,2019,,,
TRGP US Equity,2020,,,
TRGP US Equity,2021,,,
TRGP US Equity,2022,,,
TRIP US Equity,2017,,,
TRIP US Equity,2018,,,
TRIP US Equity,2019,,,
TRIP US Equity,2020,,,
TRIP US Equity,2021,,,
TRIP US Equity,2022,,,
TRMB US Equity,2017,,,
TRMB US Equity,2018,,,
TRMB US Equity,2019,,,
TRMB US Equity,2020,,,
TRMB US Equity,2021,,,
TRMB US Equity,2022,,,
TROW US Equity,2017,,,
TROW US Equity,2018,,,
TROW US Equity,2019,,,
TROW US Equity,2020,,,
TROW US Equity,2021,,,
TROW US Equity,2022,,,
TRV US Equity,2017,,,
TRV US Equity,2018,,,
TRV US Equity,2019,,,
TRV US Equity,2020,,,
TRV US Equity,2021,,,
TRV US Equity,2022,,,
TSCO US Equity,2017,,,
TSCO US Equity,2018,,,
TSCO US Equity,2019,,,
TSCO US Equity,2020,,,
TSCO US Equity,2021,,,
TSCO US Equity,2022,,,
TSLA US Equity,2017,,,
TSLA US Equity,2018,,,
TSLA US Equity,2019,,,
TSLA US Equity,2020,,,
TSLA US Equity,2021,,,
TSLA US Equity,2022,,,
TSN US Equity,2017,,,
TSN US Equity,2018,,,
TSN US Equity,2019,,,
TSN US Equity,2020,,,
TSN US Equity,2021,,,
TSN US Equity,2022,,,
TSS US Equity,2017,,,
TSS US Equity,2018,,,
TSS US Equity,2019,,,
TSS US Equity,2020,,,
TSS US Equity,2021,,,
TSS US Equity,2022,,,
TT US Equity,2017,,,
TT US Equity,2018,,,
TT US Equity,2019,,,
TT US Equity,2020,,,
TT US Equity,2021,,,
TT US Equity,2022,,,
TTWO US Equity,2017,,,
TTWO US Equity,2018,,,
TTWO US Equity,2019,,,
TTWO US Equity,2020,,,
TTWO US Equity,2021,,,
TTWO US Equity,2022,,,
TWTR US Equity,2017,,,
TWTR US Equity,2018,,,
TWTR US Equity,2019,,,
TWTR US Equity,2020,,,
TWTR US Equity,2021,,,
TWTR US Equity,2022,,,
TWX US Equity,2017,,,
TWX US Equity,2018,,,
TWX US Equity,2019,,,
TWX US Equity,2020,,,
TWX US Equity,2021,,,
TWX US Equity,2022,,,
TXN US Equity,2017,,,
TXN US Equity,2018,,,
TXN US Equity,2019,,,
TXN US Equity,2020,,,
TXN US Equity,2021,,,
TXN US Equity,2022,,,
TXT US Equity,2017,,,
TXT US Equity,2018,,,
TXT US Equity,2019,,,
TXT US Equity,2020,,,
TXT US Equity,2021,,,
TXT US Equity,2022,,,
TYL US Equity,2017,,,
TYL US Equity,2018,,,
TYL US Equity,2019,,,
TYL US Equity,2020,,,
TYL US Equity,2021,,,
TYL US Equity,2022,,,
UA US Equity,2017,,,
UA US Equity,2018,,,
UA US Equity,2019,,,
UA US Equity,2020,,,
UA US Equity,2021,,,
UA US Equity,2022,,,
UAA US Equity,2017,,,
UAA US Equity,2018,,,
UAA US Equity,2019,,,
UAA US Equity,2020,,,
UAA US Equity,2021,,,
UAA US Equity,2022,,,
UAL US Equity,2017,,,
UAL US Equity,2018,,,
UAL US Equity,2019,,,
UAL US Equity,2020,,,
UAL US Equity,2021,,,
UAL US Equity,2022,,,
UDR US Equity,2017,,,
UDR US Equity,2018,,,
UDR US Equity,2019,,,
UDR US Equity,2020,,,
UDR US Equity,2021,,,
UDR US Equity,2022,,,
UHS US Equity,2017,,,
UHS US Equity,2018,,,
UHS US Equity,2019,,,
UHS US Equity,2020,,,
UHS US Equity,2021,,,
UHS US Equity,2022,,,
ULTA US Equity,2017,,,
ULTA US Equity,2018,,,
ULTA US Equity,2019,,,
ULTA US Equity,2020,,,
ULTA US Equity,2021,,,
ULTA US Equity,2022,,,
UNH US Equity,2017,,,
UNH US Equity,2018,,,
UNH US Equity,2019,,,
UNH US Equity,2020,,,
UNH US Equity,2021,,,
UNH US Equity,2022,,,
UNM US Equity,2017,,,
UNM US Equity,2018,,,
UNM US Equity,2019,,,
UNM US Equity,2020,,,
UNM US Equity,2021,,,
UNM US Equity,2022,,,
UNP US Equity,2017,,,
UNP US Equity,2018,,,
UNP US Equity,2019,,,
UNP US Equity,2020,,,
UNP US Equity,2021,,,
UNP US Equity,2022,,,
UPS US Equity,2017,,,
UPS US Equity,2018,,,
UPS US Equity,2019,,,
UPS US Equity,2020,,,
UPS US Equity,2021,,,
UPS US Equity,2022,,,
URI US Equity,2017,,,
URI US Equity,2018,,,
URI US Equity,2019,,,
URI US Equity,2020,,,
URI US Equity,2021,,,
URI US Equity,2022,,,
USB US Equity,2017,,,
USB US Equity,2018,,,
USB US Equity,2019,,,
USB US Equity,2020,,,
USB US Equity,2021,,,
USB US Equity,2022,,,
V US Equity,2017,,,
V US Equity,2018,,,
V US Equity,2019,,,
V US Equity,2020,,,
V US Equity,2021,,,
V US Equity,2022,,,
VAR US Equity,2017,,,
VAR US Equity,2018,,,
VAR US Equity,2019,,,
VAR US Equity,2020,,,
VAR US Equity,2021,,,
VAR US Equity,2022,,,
VFC US Equity,2017,,,
VFC US Equity,2018,,,
VFC US Equity,2019,,,
VFC US Equity,2020,,,
VFC US Equity,2021,,,
VFC US Equity,2022,,,
VIAB US Equity,2017,,,
VIAB US Equity,2018,,,
VIAB US Equity,2019,,,
VIAB US Equity,2020,,,
VIAB US Equity,2021,,,
VIAB US Equity,2022,,,
VICI US Equity,2017,,,
VICI US Equity,2018,,,
VICI US Equity,2019,,,
VICI US Equity,2020,,,
VICI US Equity,2021,,,
VICI US Equity,2022,,,
VLO US Equity,2017,,,
VLO US Equity,2018,,,
VLO US Equity,2019,,,
VLO US Equity,2020,,,
VLO US Equity,2021,,,
VLO US Equity,2022,,,
VLTO US Equity,2017,,,
VLTO US Equity,2018,,,
VLTO US Equity,2019,,,
VLTO US Equity,2020,,,
VLTO US Equity,2021,,,
VLTO US Equity,2022,,,
VMC US Equity,2017,,,
VMC US Equity,2018,,,
VMC US Equity,2019,,,
VMC US Equity,2020,,,
VMC US Equity,2021,,,
VMC US Equity,2022,,,
VNO US Equity,2017,,,
VNO US Equity,2018,,,
VNO US Equity,2019,,,
VNO US Equity,2020,,,
VNO US Equity,2021,,,
VNO US Equity,2022,,,
VNT US Equity,2017,,,
VNT US Equity,2018,,,
VNT US Equity,2019,,,
VNT US Equity,2020,,,
VNT US Equity,2021,,,
VNT US Equity,2022,,,
VRSK US Equity,2017,,,
VRSK US Equity,2018,,,
VRSK US Equity,2019,,,
VRSK US Equity,2020,,,
VRSK US Equity,2021,,,
VRSK US Equity,2022,,,
VRSN US Equity,2017,,,
VRSN US Equity,2018,,,
VRSN US Equity,2019,,,
VRSN US Equity,2020,,,
VRSN US Equity,2021,,,
VRSN US Equity,2022,,,
VRTX US Equity,2017,,,
VRTX US Equity,2018,,,
VRTX US Equity,2019,,,
VRTX US Equity,2020,,,
VRTX US Equity,2021,,,
VRTX US Equity,2022,,,
VTR US Equity,2017,,,
VTR US Equity,2018,,,
VTR US Equity,2019,,,
VTR US Equity,2020,,,
VTR US Equity,2021,,,
VTR US Equity,2022,,,
VTRS US Equity,2017,,,
VTRS US Equity,2018,,,
VTRS US Equity,2019,,,
VTRS US Equity,2020,,,
VTRS US Equity,2021,,,
VTRS US Equity,2022,,,
VZ US Equity,2017,,,
VZ US Equity,2018,,,
VZ US Equity,2019,,,
VZ US Equity,2020,,,
VZ US Equity,2021,,,
VZ US Equity,2022,,,
WAB US Equity,2017,,,
WAB US Equity,2018,,,
WAB US Equity,2019,,,
WAB US Equity,2020,,,
WAB US Equity,2021,,,
WAB US Equity,2022,,,
WAT US Equity,2017,,,
WAT US Equity,2018,,,
WAT US Equity,2019,,,
WAT US Equity,2020,,,
WAT US Equity,2021,,,
WAT US Equity,2022,,,
WBA US Equity,2017,,,
WBA US Equity,2018,,,
WBA US Equity,2019,,,
WBA US Equity,2020,,,
WBA US Equity,2021,,,
WBA US Equity,2022,,,
WBD US Equity,2017,,,
WBD US Equity,2018,,,
WBD US Equity,2019,,,
WBD US Equity,2020,,,
WBD US Equity,2021,,,
WBD US Equity,2022,,,
WCG US Equity,2017,,,
WCG US Equity,2018,,,
WCG US Equity,2019,,,
WCG US Equity,2020,,,
WCG US Equity,2021,,,
WCG US Equity,2022,,,
WDC US Equity,2017,,,
WDC US Equity,2018,,,
WDC US Equity,2019,,,
WDC US Equity,2020,,,
WDC US Equity,2021,,,
WDC US Equity,2022,,,
WEC US Equity,2017,,,
WEC US Equity,2018,,,
WEC US Equity,2019,,,
WEC US Equity,2020,,,
WEC US Equity,2021,,,
WEC US Equity,2022,,,
WELL US Equity,2017,,,
WELL US Equity,2018,,,
WELL US Equity,2019,,,
WELL US Equity,2020,,,
WELL US Equity,2021,,,
WELL US Equity,2022,,,
WFC US Equity,2017,,,
WFC US Equity,2018,,,
WFC US Equity,2019,,,
WFC US Equity,2020,,,
WFC US Equity,2021,,,
WFC US Equity,2022,,,
WHR US Equity,2017,,,
WHR US Equity,2018,,,
WHR US Equity,2019,,,
WHR US Equity,2020,,,
WHR US Equity,2021,,,
WHR US Equity,2022,,,
WM US Equity,2017,,,
WM US Equity,2018,,,
WM US Equity,2019,,,
WM US Equity,2020,,,
WM US Equity,2021,,,
WM US Equity,2022,,,
WMB US Equity,2017,,,
WMB US Equity,2018,,,
WMB US Equity,2019,,,
WMB US Equity,2020,,,
WMB US Equity,2021,,,
WMB US Equity,2022,,,
WMT US Equity,2017,,,
WMT US Equity,2018,,,
WMT US Equity,2019,,,
WMT US Equity,2020,,,
WMT US Equity,2021,,,
WMT US Equity,2022,,,
WRB US Equity,2017,,,
WRB US Equity,2018,,,
WRB US Equity,2019,,,
WRB US Equity,2020,,,
WRB US Equity,2021,,,
WRB US Equity,2022,,,
WRK US Equity,2017,,,
WRK US Equity,2018,,,
WRK US Equity,2019,,,
WRK US Equity,2020,,,
WRK US Equity,2021,,,
WRK US Equity,2022,,,
WST US Equity,2017,,,
WST US Equity,2018,,,
WST US Equity,2019,,,
WST US Equity,2020,,,
WST US Equity,2021,,,
WST US Equity,2022,,,
WTW US Equity,2017,,,
WTW US Equity,2018,,,
WTW US Equity,2019,,,
WTW US Equity,2020,,,
WTW US Equity,2021,,,
WTW US Equity,2022,,,
WU US Equity,2017,,,
WU US Equity,2018,,,
WU US Equity,2019,,,
WU US Equity,2020,,,
WU US Equity,2021,,,
WU US Equity,2022,,,
WY US Equity,2017,,,
WY US Equity,2018,,,
WY US Equity,2019,,,
WY US Equity,2020,,,
WY US Equity,2021,,,
WY US Equity,2022,,,
WYNN US Equity,2017,,,
WYNN US Equity,2018,,,
WYNN US Equity,2019,,,
WYNN US Equity,2020,,,
WYNN US Equity,2021,,,
WYNN US Equity,2022,,,
XEC US Equity,2017,,,
XEC US Equity,2018,,,
XEC US Equity,2019,,,
XEC US Equity,2020,,,
XEC US Equity,2021,,,
XEC US Equity,2022,,,
XEL US Equity,2017,,,
XEL US Equity,2018,,,
XEL US Equity,2019,,,
XEL US Equity,2020,,,
XEL US Equity,2021,,,
XEL US Equity,2022,,,
XL US Equity,2017,,,
XL US Equity,2018,,,
XL US Equity,2019,,,
XL US Equity,2020,,,
XL US Equity,2021,,,
XL US Equity,2022,,,
XLNX US Equity,2017,,,
XLNX US Equity,2018,,,
XLNX US Equity,2019,,,
XLNX US Equity,2020,,,
XLNX US Equity,2021,,,
XLNX US Equity,2022,,,
XOM US Equity,2017,,,
XOM US Equity,2018,,,
XOM US Equity,2019,,,
XOM US Equity,2020,,,
XOM US Equity,2021,,,
XOM US Equity,2022,,,
XRAY US Equity,2017,,,
XRAY US Equity,2018,,,
XRAY US Equity,2019,,,
XRAY US Equity,2020,,,
XRAY US Equity,2021,,,
XRAY US Equity,2022,,,
XRX US Equity,2017,,,
XRX US Equity,2018,,,
XRX US Equity,2019,,,
XRX US Equity,2020,,,
XRX US Equity,2021,,,
XRX US Equity,2022,,,
XYL US Equity,2017,,,
XYL US Equity,2018,,,
XYL US Equity,2019,,,
XYL US Equity,2020,,,
XYL US Equity,2021,,,
XYL US Equity,2022,,,
YUM US Equity,2017,,,
YUM US Equity,2018,,,
YUM US Equity,2019,,,
YUM US Equity,2020,,,
YUM US Equity,2021,,,
YUM US Equity,2022,,,
ZBH US Equity,2017,,,
ZBH US Equity,2018,,,
ZBH US Equity,2019,,,
ZBH US Equity,2020,,,
ZBH US Equity,2021,,,
ZBH US Equity,2022,,,
ZBRA US Equity,2017,,,
ZBRA US Equity,2018,,,
ZBRA US Equity,2019,,,
ZBRA US Equity,2020,,,
ZBRA US Equity,2021,,,
ZBRA US Equity,2022,,,
ZIMV US Equity,2017,,,
ZIMV US Equity,2018,,,
ZIMV US Equity,2019,,,
ZIMV US Equity,2020,,,
ZIMV US Equity,2021,,,
ZIMV US Equity,2022,,,
ZION US Equity,2017,,,
ZION US Equity,2018,,,
ZION US Equity,2019,,,
ZION US Equity,2020,,,
ZION US Equity,2021,,,
ZION US Equity,2022,,,
ZTS US Equity,2017,,,
ZTS US Equity,2018,,,
ZTS US Equity,2019,,,
ZTS US Equity,2020,,,
ZTS US Equity,2021,,,
ZTS US Equity,2022,,,
